country_name,hdi_category,indicator_name,values
Iceland,HIGH HUMAN DEVELOPMENT,HDI rank,1
Norway,HIGH HUMAN DEVELOPMENT,HDI rank,2
Australia,HIGH HUMAN DEVELOPMENT,HDI rank,3
Canada,HIGH HUMAN DEVELOPMENT,HDI rank,4
Ireland,HIGH HUMAN DEVELOPMENT,HDI rank,5
Sweden,HIGH HUMAN DEVELOPMENT,HDI rank,6
Switzerland,HIGH HUMAN DEVELOPMENT,HDI rank,7
Japan,HIGH HUMAN DEVELOPMENT,HDI rank,8
Netherlands,HIGH HUMAN DEVELOPMENT,HDI rank,9
France,HIGH HUMAN DEVELOPMENT,HDI rank,10
Finland,HIGH HUMAN DEVELOPMENT,HDI rank,11
United States,HIGH HUMAN DEVELOPMENT,HDI rank,12
Spain,HIGH HUMAN DEVELOPMENT,HDI rank,13
Denmark,HIGH HUMAN DEVELOPMENT,HDI rank,14
Austria,HIGH HUMAN DEVELOPMENT,HDI rank,15
United Kingdom,HIGH HUMAN DEVELOPMENT,HDI rank,16
Belgium,HIGH HUMAN DEVELOPMENT,HDI rank,17
Luxembourg,HIGH HUMAN DEVELOPMENT,HDI rank,18
New Zealand,HIGH HUMAN DEVELOPMENT,HDI rank,19
Italy,HIGH HUMAN DEVELOPMENT,HDI rank,20
"Hong Kong, China (SAR)",HIGH HUMAN DEVELOPMENT,HDI rank,21
Germany,HIGH HUMAN DEVELOPMENT,HDI rank,22
Israel,HIGH HUMAN DEVELOPMENT,HDI rank,23
Greece,HIGH HUMAN DEVELOPMENT,HDI rank,24
Singapore,HIGH HUMAN DEVELOPMENT,HDI rank,25
Korea (Republic of),HIGH HUMAN DEVELOPMENT,HDI rank,26
Slovenia,HIGH HUMAN DEVELOPMENT,HDI rank,27
Cyprus,HIGH HUMAN DEVELOPMENT,HDI rank,28
Portugal,HIGH HUMAN DEVELOPMENT,HDI rank,29
Brunei Darussalam,HIGH HUMAN DEVELOPMENT,HDI rank,30
Barbados,HIGH HUMAN DEVELOPMENT,HDI rank,31
Czech Republic,HIGH HUMAN DEVELOPMENT,HDI rank,32
Kuwait,HIGH HUMAN DEVELOPMENT,HDI rank,33
Malta,HIGH HUMAN DEVELOPMENT,HDI rank,34
Qatar,HIGH HUMAN DEVELOPMENT,HDI rank,35
Hungary,HIGH HUMAN DEVELOPMENT,HDI rank,36
Poland,HIGH HUMAN DEVELOPMENT,HDI rank,37
Argentina,HIGH HUMAN DEVELOPMENT,HDI rank,38
United Arab Emirates,HIGH HUMAN DEVELOPMENT,HDI rank,39
Chile,HIGH HUMAN DEVELOPMENT,HDI rank,40
Bahrain,HIGH HUMAN DEVELOPMENT,HDI rank,41
Slovakia,HIGH HUMAN DEVELOPMENT,HDI rank,42
Lithuania,HIGH HUMAN DEVELOPMENT,HDI rank,43
Estonia,HIGH HUMAN DEVELOPMENT,HDI rank,44
Latvia,HIGH HUMAN DEVELOPMENT,HDI rank,45
Uruguay,HIGH HUMAN DEVELOPMENT,HDI rank,46
Croatia,HIGH HUMAN DEVELOPMENT,HDI rank,47
Costa Rica,HIGH HUMAN DEVELOPMENT,HDI rank,48
Bahamas,HIGH HUMAN DEVELOPMENT,HDI rank,49
Seychelles,HIGH HUMAN DEVELOPMENT,HDI rank,50
Cuba,HIGH HUMAN DEVELOPMENT,HDI rank,51
Mexico,HIGH HUMAN DEVELOPMENT,HDI rank,52
Bulgaria,HIGH HUMAN DEVELOPMENT,HDI rank,53
Saint Kitts and Nevis,HIGH HUMAN DEVELOPMENT,HDI rank,54
Tonga,HIGH HUMAN DEVELOPMENT,HDI rank,55
Libyan Arab Jamahiriya,HIGH HUMAN DEVELOPMENT,HDI rank,56
Antigua and Barbuda,HIGH HUMAN DEVELOPMENT,HDI rank,57
Oman,HIGH HUMAN DEVELOPMENT,HDI rank,58
Trinidad and Tobago,HIGH HUMAN DEVELOPMENT,HDI rank,59
Romania,HIGH HUMAN DEVELOPMENT,HDI rank,60
Saudi Arabia,HIGH HUMAN DEVELOPMENT,HDI rank,61
Panama,HIGH HUMAN DEVELOPMENT,HDI rank,62
Malaysia,HIGH HUMAN DEVELOPMENT,HDI rank,63
Belarus,HIGH HUMAN DEVELOPMENT,HDI rank,64
Mauritius,HIGH HUMAN DEVELOPMENT,HDI rank,65
Bosnia and Herzegovina,HIGH HUMAN DEVELOPMENT,HDI rank,66
Russian Federation,HIGH HUMAN DEVELOPMENT,HDI rank,67
Albania,HIGH HUMAN DEVELOPMENT,HDI rank,68
Macedonia (TFYR),HIGH HUMAN DEVELOPMENT,HDI rank,69
Brazil,HIGH HUMAN DEVELOPMENT,HDI rank,70
Dominica,MEDIUM HUMAN DEVELOPMENT,HDI rank,71
Saint Lucia,MEDIUM HUMAN DEVELOPMENT,HDI rank,72
Kazakhstan,MEDIUM HUMAN DEVELOPMENT,HDI rank,73
Venezuela (Bolivarian Republic of),MEDIUM HUMAN DEVELOPMENT,HDI rank,74
Colombia,MEDIUM HUMAN DEVELOPMENT,HDI rank,75
Ukraine,MEDIUM HUMAN DEVELOPMENT,HDI rank,76
Samoa,MEDIUM HUMAN DEVELOPMENT,HDI rank,77
Thailand,MEDIUM HUMAN DEVELOPMENT,HDI rank,78
Dominican Republic,MEDIUM HUMAN DEVELOPMENT,HDI rank,79
Belize,MEDIUM HUMAN DEVELOPMENT,HDI rank,80
China,MEDIUM HUMAN DEVELOPMENT,HDI rank,81
Grenada,MEDIUM HUMAN DEVELOPMENT,HDI rank,82
Armenia,MEDIUM HUMAN DEVELOPMENT,HDI rank,83
Turkey,MEDIUM HUMAN DEVELOPMENT,HDI rank,84
Suriname,MEDIUM HUMAN DEVELOPMENT,HDI rank,85
Jordan,MEDIUM HUMAN DEVELOPMENT,HDI rank,86
Peru,MEDIUM HUMAN DEVELOPMENT,HDI rank,87
Lebanon,MEDIUM HUMAN DEVELOPMENT,HDI rank,88
Ecuador,MEDIUM HUMAN DEVELOPMENT,HDI rank,89
Philippines,MEDIUM HUMAN DEVELOPMENT,HDI rank,90
Tunisia,MEDIUM HUMAN DEVELOPMENT,HDI rank,91
Fiji,MEDIUM HUMAN DEVELOPMENT,HDI rank,92
Saint Vincent and the Grenadines,MEDIUM HUMAN DEVELOPMENT,HDI rank,93
Iran (Islamic Republic of),MEDIUM HUMAN DEVELOPMENT,HDI rank,94
Paraguay,MEDIUM HUMAN DEVELOPMENT,HDI rank,95
Georgia,MEDIUM HUMAN DEVELOPMENT,HDI rank,96
Guyana,MEDIUM HUMAN DEVELOPMENT,HDI rank,97
Azerbaijan,MEDIUM HUMAN DEVELOPMENT,HDI rank,98
Sri Lanka,MEDIUM HUMAN DEVELOPMENT,HDI rank,99
Maldives,MEDIUM HUMAN DEVELOPMENT,HDI rank,100
Jamaica,MEDIUM HUMAN DEVELOPMENT,HDI rank,101
Cape Verde,MEDIUM HUMAN DEVELOPMENT,HDI rank,102
El Salvador,MEDIUM HUMAN DEVELOPMENT,HDI rank,103
Algeria,MEDIUM HUMAN DEVELOPMENT,HDI rank,104
Viet Nam,MEDIUM HUMAN DEVELOPMENT,HDI rank,105
Occupied Palestinian Territories,MEDIUM HUMAN DEVELOPMENT,HDI rank,106
Indonesia,MEDIUM HUMAN DEVELOPMENT,HDI rank,107
Syrian Arab Republic,MEDIUM HUMAN DEVELOPMENT,HDI rank,108
Turkmenistan,MEDIUM HUMAN DEVELOPMENT,HDI rank,109
Nicaragua,MEDIUM HUMAN DEVELOPMENT,HDI rank,110
Moldova,MEDIUM HUMAN DEVELOPMENT,HDI rank,111
Egypt,MEDIUM HUMAN DEVELOPMENT,HDI rank,112
Uzbekistan,MEDIUM HUMAN DEVELOPMENT,HDI rank,113
Mongolia,MEDIUM HUMAN DEVELOPMENT,HDI rank,114
Honduras,MEDIUM HUMAN DEVELOPMENT,HDI rank,115
Kyrgyzstan,MEDIUM HUMAN DEVELOPMENT,HDI rank,116
Bolivia,MEDIUM HUMAN DEVELOPMENT,HDI rank,117
Guatemala,MEDIUM HUMAN DEVELOPMENT,HDI rank,118
Gabon,MEDIUM HUMAN DEVELOPMENT,HDI rank,119
Vanuatu,MEDIUM HUMAN DEVELOPMENT,HDI rank,120
South Africa,MEDIUM HUMAN DEVELOPMENT,HDI rank,121
Tajikistan,MEDIUM HUMAN DEVELOPMENT,HDI rank,122
Sao Tome and Principe,MEDIUM HUMAN DEVELOPMENT,HDI rank,123
Botswana,MEDIUM HUMAN DEVELOPMENT,HDI rank,124
Namibia,MEDIUM HUMAN DEVELOPMENT,HDI rank,125
Morocco,MEDIUM HUMAN DEVELOPMENT,HDI rank,126
Equatorial Guinea,MEDIUM HUMAN DEVELOPMENT,HDI rank,127
India,MEDIUM HUMAN DEVELOPMENT,HDI rank,128
Solomon Islands,MEDIUM HUMAN DEVELOPMENT,HDI rank,129
Lao People's Democratic Republic,MEDIUM HUMAN DEVELOPMENT,HDI rank,130
Cambodia,MEDIUM HUMAN DEVELOPMENT,HDI rank,131
Myanmar,MEDIUM HUMAN DEVELOPMENT,HDI rank,132
Bhutan,MEDIUM HUMAN DEVELOPMENT,HDI rank,133
Comoros,MEDIUM HUMAN DEVELOPMENT,HDI rank,134
Ghana,MEDIUM HUMAN DEVELOPMENT,HDI rank,135
Pakistan,MEDIUM HUMAN DEVELOPMENT,HDI rank,136
Mauritania,MEDIUM HUMAN DEVELOPMENT,HDI rank,137
Lesotho,MEDIUM HUMAN DEVELOPMENT,HDI rank,138
Congo,MEDIUM HUMAN DEVELOPMENT,HDI rank,139
Bangladesh,MEDIUM HUMAN DEVELOPMENT,HDI rank,140
Swaziland,MEDIUM HUMAN DEVELOPMENT,HDI rank,141
Nepal,MEDIUM HUMAN DEVELOPMENT,HDI rank,142
Madagascar,MEDIUM HUMAN DEVELOPMENT,HDI rank,143
Cameroon,MEDIUM HUMAN DEVELOPMENT,HDI rank,144
Papua New Guinea,MEDIUM HUMAN DEVELOPMENT,HDI rank,145
Haiti,MEDIUM HUMAN DEVELOPMENT,HDI rank,146
Sudan,MEDIUM HUMAN DEVELOPMENT,HDI rank,147
Kenya,MEDIUM HUMAN DEVELOPMENT,HDI rank,148
Djibouti,MEDIUM HUMAN DEVELOPMENT,HDI rank,149
Timor-Leste,MEDIUM HUMAN DEVELOPMENT,HDI rank,150
Zimbabwe,MEDIUM HUMAN DEVELOPMENT,HDI rank,151
Togo,MEDIUM HUMAN DEVELOPMENT,HDI rank,152
Yemen,MEDIUM HUMAN DEVELOPMENT,HDI rank,153
Uganda,MEDIUM HUMAN DEVELOPMENT,HDI rank,154
Gambia,MEDIUM HUMAN DEVELOPMENT,HDI rank,155
Senegal,LOW HUMAN DEVELOPMENT,HDI rank,156
Eritrea,LOW HUMAN DEVELOPMENT,HDI rank,157
Nigeria,LOW HUMAN DEVELOPMENT,HDI rank,158
Tanzania (United Republic of),LOW HUMAN DEVELOPMENT,HDI rank,159
Guinea,LOW HUMAN DEVELOPMENT,HDI rank,160
Rwanda,LOW HUMAN DEVELOPMENT,HDI rank,161
Angola,LOW HUMAN DEVELOPMENT,HDI rank,162
Benin,LOW HUMAN DEVELOPMENT,HDI rank,163
Malawi,LOW HUMAN DEVELOPMENT,HDI rank,164
Zambia,LOW HUMAN DEVELOPMENT,HDI rank,165
Côte d'Ivoire,,HDI rank,166
Burundi,,HDI rank,167
Congo (Democratic Republic of the),,HDI rank,168
Ethiopia,,HDI rank,169
Chad,,HDI rank,170
Central African Republic,,HDI rank,171
Mozambique,,HDI rank,172
Mali,,HDI rank,173
Niger,,HDI rank,174
Guinea-Bissau,,HDI rank,175
Burkina Faso,,HDI rank,176
Sierra Leone,,HDI rank,177
Iceland,HIGH HUMAN DEVELOPMENT,1975,0.868
Norway,HIGH HUMAN DEVELOPMENT,1975,0.870
Australia,HIGH HUMAN DEVELOPMENT,1975,0.851
Canada,HIGH HUMAN DEVELOPMENT,1975,0.873
Ireland,HIGH HUMAN DEVELOPMENT,1975,0.823
Sweden,HIGH HUMAN DEVELOPMENT,1975,0.872
Switzerland,HIGH HUMAN DEVELOPMENT,1975,0.883
Japan,HIGH HUMAN DEVELOPMENT,1975,0.861
Netherlands,HIGH HUMAN DEVELOPMENT,1975,0.873
France,HIGH HUMAN DEVELOPMENT,1975,0.856
Finland,HIGH HUMAN DEVELOPMENT,1975,0.846
United States,HIGH HUMAN DEVELOPMENT,1975,0.870
Spain,HIGH HUMAN DEVELOPMENT,1975,0.846
Denmark,HIGH HUMAN DEVELOPMENT,1975,0.875
Austria,HIGH HUMAN DEVELOPMENT,1975,0.848
United Kingdom,HIGH HUMAN DEVELOPMENT,1975,0.853
Belgium,HIGH HUMAN DEVELOPMENT,1975,0.852
Luxembourg,HIGH HUMAN DEVELOPMENT,1975,0.836
New Zealand,HIGH HUMAN DEVELOPMENT,1975,0.854
Italy,HIGH HUMAN DEVELOPMENT,1975,0.845
"Hong Kong, China (SAR)",HIGH HUMAN DEVELOPMENT,1975,0.763
Germany,HIGH HUMAN DEVELOPMENT,1975,..
Israel,HIGH HUMAN DEVELOPMENT,1975,0.805
Greece,HIGH HUMAN DEVELOPMENT,1975,0.841
Singapore,HIGH HUMAN DEVELOPMENT,1975,0.729
Korea (Republic of),HIGH HUMAN DEVELOPMENT,1975,0.713
Slovenia,HIGH HUMAN DEVELOPMENT,1975,..
Cyprus,HIGH HUMAN DEVELOPMENT,1975,..
Portugal,HIGH HUMAN DEVELOPMENT,1975,0.793
Brunei Darussalam,HIGH HUMAN DEVELOPMENT,1975,..
Barbados,HIGH HUMAN DEVELOPMENT,1975,..
Czech Republic,HIGH HUMAN DEVELOPMENT,1975,..
Kuwait,HIGH HUMAN DEVELOPMENT,1975,0.771
Malta,HIGH HUMAN DEVELOPMENT,1975,0.738
Qatar,HIGH HUMAN DEVELOPMENT,1975,..
Hungary,HIGH HUMAN DEVELOPMENT,1975,0.786
Poland,HIGH HUMAN DEVELOPMENT,1975,..
Argentina,HIGH HUMAN DEVELOPMENT,1975,0.790
United Arab Emirates,HIGH HUMAN DEVELOPMENT,1975,0.734
Chile,HIGH HUMAN DEVELOPMENT,1975,0.708
Bahrain,HIGH HUMAN DEVELOPMENT,1975,..
Slovakia,HIGH HUMAN DEVELOPMENT,1975,..
Lithuania,HIGH HUMAN DEVELOPMENT,1975,..
Estonia,HIGH HUMAN DEVELOPMENT,1975,..
Latvia,HIGH HUMAN DEVELOPMENT,1975,..
Uruguay,HIGH HUMAN DEVELOPMENT,1975,0.762
Croatia,HIGH HUMAN DEVELOPMENT,1975,..
Costa Rica,HIGH HUMAN DEVELOPMENT,1975,0.746
Bahamas,HIGH HUMAN DEVELOPMENT,1975,..
Seychelles,HIGH HUMAN DEVELOPMENT,1975,..
Cuba,HIGH HUMAN DEVELOPMENT,1975,..
Mexico,HIGH HUMAN DEVELOPMENT,1975,0.694
Bulgaria,HIGH HUMAN DEVELOPMENT,1975,..
Saint Kitts and Nevis,HIGH HUMAN DEVELOPMENT,1975,..
Tonga,HIGH HUMAN DEVELOPMENT,1975,..
Libyan Arab Jamahiriya,HIGH HUMAN DEVELOPMENT,1975,..
Antigua and Barbuda,HIGH HUMAN DEVELOPMENT,1975,..
Oman,HIGH HUMAN DEVELOPMENT,1975,0.487
Trinidad and Tobago,HIGH HUMAN DEVELOPMENT,1975,0.756
Romania,HIGH HUMAN DEVELOPMENT,1975,..
Saudi Arabia,HIGH HUMAN DEVELOPMENT,1975,0.611
Panama,HIGH HUMAN DEVELOPMENT,1975,0.718
Malaysia,HIGH HUMAN DEVELOPMENT,1975,0.619
Belarus,HIGH HUMAN DEVELOPMENT,1975,..
Mauritius,HIGH HUMAN DEVELOPMENT,1975,..
Bosnia and Herzegovina,HIGH HUMAN DEVELOPMENT,1975,..
Russian Federation,HIGH HUMAN DEVELOPMENT,1975,..
Albania,HIGH HUMAN DEVELOPMENT,1975,..
Macedonia (TFYR),HIGH HUMAN DEVELOPMENT,1975,..
Brazil,HIGH HUMAN DEVELOPMENT,1975,0.649
Dominica,MEDIUM HUMAN DEVELOPMENT,1975,..
Saint Lucia,MEDIUM HUMAN DEVELOPMENT,1975,..
Kazakhstan,MEDIUM HUMAN DEVELOPMENT,1975,..
Venezuela (Bolivarian Republic of),MEDIUM HUMAN DEVELOPMENT,1975,0.723
Colombia,MEDIUM HUMAN DEVELOPMENT,1975,0.663
Ukraine,MEDIUM HUMAN DEVELOPMENT,1975,..
Samoa,MEDIUM HUMAN DEVELOPMENT,1975,..
Thailand,MEDIUM HUMAN DEVELOPMENT,1975,0.615
Dominican Republic,MEDIUM HUMAN DEVELOPMENT,1975,0.628
Belize,MEDIUM HUMAN DEVELOPMENT,1975,..
China,MEDIUM HUMAN DEVELOPMENT,1975,0.530
Grenada,MEDIUM HUMAN DEVELOPMENT,1975,..
Armenia,MEDIUM HUMAN DEVELOPMENT,1975,..
Turkey,MEDIUM HUMAN DEVELOPMENT,1975,0.594
Suriname,MEDIUM HUMAN DEVELOPMENT,1975,..
Jordan,MEDIUM HUMAN DEVELOPMENT,1975,..
Peru,MEDIUM HUMAN DEVELOPMENT,1975,0.647
Lebanon,MEDIUM HUMAN DEVELOPMENT,1975,..
Ecuador,MEDIUM HUMAN DEVELOPMENT,1975,0.636
Philippines,MEDIUM HUMAN DEVELOPMENT,1975,0.655
Tunisia,MEDIUM HUMAN DEVELOPMENT,1975,0.519
Fiji,MEDIUM HUMAN DEVELOPMENT,1975,0.665
Saint Vincent and the Grenadines,MEDIUM HUMAN DEVELOPMENT,1975,..
Iran (Islamic Republic of),MEDIUM HUMAN DEVELOPMENT,1975,0.571
Paraguay,MEDIUM HUMAN DEVELOPMENT,1975,0.667
Georgia,MEDIUM HUMAN DEVELOPMENT,1975,..
Guyana,MEDIUM HUMAN DEVELOPMENT,1975,0.682
Azerbaijan,MEDIUM HUMAN DEVELOPMENT,1975,..
Sri Lanka,MEDIUM HUMAN DEVELOPMENT,1975,0.619
Maldives,MEDIUM HUMAN DEVELOPMENT,1975,..
Jamaica,MEDIUM HUMAN DEVELOPMENT,1975,0.686
Cape Verde,MEDIUM HUMAN DEVELOPMENT,1975,..
El Salvador,MEDIUM HUMAN DEVELOPMENT,1975,0.595
Algeria,MEDIUM HUMAN DEVELOPMENT,1975,0.511
Viet Nam,MEDIUM HUMAN DEVELOPMENT,1975,..
Occupied Palestinian Territories,MEDIUM HUMAN DEVELOPMENT,1975,..
Indonesia,MEDIUM HUMAN DEVELOPMENT,1975,0.471
Syrian Arab Republic,MEDIUM HUMAN DEVELOPMENT,1975,0.547
Turkmenistan,MEDIUM HUMAN DEVELOPMENT,1975,..
Nicaragua,MEDIUM HUMAN DEVELOPMENT,1975,0.583
Moldova,MEDIUM HUMAN DEVELOPMENT,1975,..
Egypt,MEDIUM HUMAN DEVELOPMENT,1975,0.434
Uzbekistan,MEDIUM HUMAN DEVELOPMENT,1975,..
Mongolia,MEDIUM HUMAN DEVELOPMENT,1975,..
Honduras,MEDIUM HUMAN DEVELOPMENT,1975,0.528
Kyrgyzstan,MEDIUM HUMAN DEVELOPMENT,1975,..
Bolivia,MEDIUM HUMAN DEVELOPMENT,1975,0.519
Guatemala,MEDIUM HUMAN DEVELOPMENT,1975,0.514
Gabon,MEDIUM HUMAN DEVELOPMENT,1975,..
Vanuatu,MEDIUM HUMAN DEVELOPMENT,1975,..
South Africa,MEDIUM HUMAN DEVELOPMENT,1975,0.650
Tajikistan,MEDIUM HUMAN DEVELOPMENT,1975,..
Sao Tome and Principe,MEDIUM HUMAN DEVELOPMENT,1975,..
Botswana,MEDIUM HUMAN DEVELOPMENT,1975,0.509
Namibia,MEDIUM HUMAN DEVELOPMENT,1975,..
Morocco,MEDIUM HUMAN DEVELOPMENT,1975,0.435
Equatorial Guinea,MEDIUM HUMAN DEVELOPMENT,1975,..
India,MEDIUM HUMAN DEVELOPMENT,1975,0.419
Solomon Islands,MEDIUM HUMAN DEVELOPMENT,1975,..
Lao People's Democratic Republic,MEDIUM HUMAN DEVELOPMENT,1975,..
Cambodia,MEDIUM HUMAN DEVELOPMENT,1975,..
Myanmar,MEDIUM HUMAN DEVELOPMENT,1975,..
Bhutan,MEDIUM HUMAN DEVELOPMENT,1975,..
Comoros,MEDIUM HUMAN DEVELOPMENT,1975,..
Ghana,MEDIUM HUMAN DEVELOPMENT,1975,0.442
Pakistan,MEDIUM HUMAN DEVELOPMENT,1975,0.367
Mauritania,MEDIUM HUMAN DEVELOPMENT,1975,0.383
Lesotho,MEDIUM HUMAN DEVELOPMENT,1975,0.499
Congo,MEDIUM HUMAN DEVELOPMENT,1975,0.478
Bangladesh,MEDIUM HUMAN DEVELOPMENT,1975,0.347
Swaziland,MEDIUM HUMAN DEVELOPMENT,1975,0.527
Nepal,MEDIUM HUMAN DEVELOPMENT,1975,0.301
Madagascar,MEDIUM HUMAN DEVELOPMENT,1975,0.407
Cameroon,MEDIUM HUMAN DEVELOPMENT,1975,0.422
Papua New Guinea,MEDIUM HUMAN DEVELOPMENT,1975,0.431
Haiti,MEDIUM HUMAN DEVELOPMENT,1975,..
Sudan,MEDIUM HUMAN DEVELOPMENT,1975,0.354
Kenya,MEDIUM HUMAN DEVELOPMENT,1975,0.466
Djibouti,MEDIUM HUMAN DEVELOPMENT,1975,..
Timor-Leste,MEDIUM HUMAN DEVELOPMENT,1975,..
Zimbabwe,MEDIUM HUMAN DEVELOPMENT,1975,0.550
Togo,MEDIUM HUMAN DEVELOPMENT,1975,0.423
Yemen,MEDIUM HUMAN DEVELOPMENT,1975,..
Uganda,MEDIUM HUMAN DEVELOPMENT,1975,..
Gambia,MEDIUM HUMAN DEVELOPMENT,1975,0.290
Senegal,LOW HUMAN DEVELOPMENT,1975,0.342
Eritrea,LOW HUMAN DEVELOPMENT,1975,..
Nigeria,LOW HUMAN DEVELOPMENT,1975,0.321
Tanzania (United Republic of),LOW HUMAN DEVELOPMENT,1975,..
Guinea,LOW HUMAN DEVELOPMENT,1975,..
Rwanda,LOW HUMAN DEVELOPMENT,1975,0.337
Angola,LOW HUMAN DEVELOPMENT,1975,..
Benin,LOW HUMAN DEVELOPMENT,1975,0.312
Malawi,LOW HUMAN DEVELOPMENT,1975,0.330
Zambia,LOW HUMAN DEVELOPMENT,1975,0.470
Côte d'Ivoire,,1975,0.419
Burundi,,1975,0.290
Congo (Democratic Republic of the),,1975,0.414
Ethiopia,,1975,..
Chad,,1975,0.296
Central African Republic,,1975,0.350
Mozambique,,1975,..
Mali,,1975,0.245
Niger,,1975,0.246
Guinea-Bissau,,1975,0.267
Burkina Faso,,1975,0.257
Sierra Leone,,1975,..
Iceland,HIGH HUMAN DEVELOPMENT,1980,0.890
Norway,HIGH HUMAN DEVELOPMENT,1980,0.889
Australia,HIGH HUMAN DEVELOPMENT,1980,0.868
Canada,HIGH HUMAN DEVELOPMENT,1980,0.888
Ireland,HIGH HUMAN DEVELOPMENT,1980,0.835
Sweden,HIGH HUMAN DEVELOPMENT,1980,0.882
Switzerland,HIGH HUMAN DEVELOPMENT,1980,0.895
Japan,HIGH HUMAN DEVELOPMENT,1980,0.886
Netherlands,HIGH HUMAN DEVELOPMENT,1980,0.885
France,HIGH HUMAN DEVELOPMENT,1980,0.872
Finland,HIGH HUMAN DEVELOPMENT,1980,0.866
United States,HIGH HUMAN DEVELOPMENT,1980,0.890
Spain,HIGH HUMAN DEVELOPMENT,1980,0.863
Denmark,HIGH HUMAN DEVELOPMENT,1980,0.883
Austria,HIGH HUMAN DEVELOPMENT,1980,0.862
United Kingdom,HIGH HUMAN DEVELOPMENT,1980,0.860
Belgium,HIGH HUMAN DEVELOPMENT,1980,0.869
Luxembourg,HIGH HUMAN DEVELOPMENT,1980,0.850
New Zealand,HIGH HUMAN DEVELOPMENT,1980,0.860
Italy,HIGH HUMAN DEVELOPMENT,1980,0.861
"Hong Kong, China (SAR)",HIGH HUMAN DEVELOPMENT,1980,0.803
Germany,HIGH HUMAN DEVELOPMENT,1980,0.863
Israel,HIGH HUMAN DEVELOPMENT,1980,0.830
Greece,HIGH HUMAN DEVELOPMENT,1980,0.856
Singapore,HIGH HUMAN DEVELOPMENT,1980,0.762
Korea (Republic of),HIGH HUMAN DEVELOPMENT,1980,0.747
Slovenia,HIGH HUMAN DEVELOPMENT,1980,..
Cyprus,HIGH HUMAN DEVELOPMENT,1980,0.809
Portugal,HIGH HUMAN DEVELOPMENT,1980,0.807
Brunei Darussalam,HIGH HUMAN DEVELOPMENT,1980,..
Barbados,HIGH HUMAN DEVELOPMENT,1980,..
Czech Republic,HIGH HUMAN DEVELOPMENT,1980,..
Kuwait,HIGH HUMAN DEVELOPMENT,1980,0.789
Malta,HIGH HUMAN DEVELOPMENT,1980,0.772
Qatar,HIGH HUMAN DEVELOPMENT,1980,..
Hungary,HIGH HUMAN DEVELOPMENT,1980,0.801
Poland,HIGH HUMAN DEVELOPMENT,1980,..
Argentina,HIGH HUMAN DEVELOPMENT,1980,0.804
United Arab Emirates,HIGH HUMAN DEVELOPMENT,1980,0.769
Chile,HIGH HUMAN DEVELOPMENT,1980,0.743
Bahrain,HIGH HUMAN DEVELOPMENT,1980,0.747
Slovakia,HIGH HUMAN DEVELOPMENT,1980,..
Lithuania,HIGH HUMAN DEVELOPMENT,1980,..
Estonia,HIGH HUMAN DEVELOPMENT,1980,0.811
Latvia,HIGH HUMAN DEVELOPMENT,1980,0.797
Uruguay,HIGH HUMAN DEVELOPMENT,1980,0.782
Croatia,HIGH HUMAN DEVELOPMENT,1980,..
Costa Rica,HIGH HUMAN DEVELOPMENT,1980,0.772
Bahamas,HIGH HUMAN DEVELOPMENT,1980,0.809
Seychelles,HIGH HUMAN DEVELOPMENT,1980,..
Cuba,HIGH HUMAN DEVELOPMENT,1980,..
Mexico,HIGH HUMAN DEVELOPMENT,1980,0.739
Bulgaria,HIGH HUMAN DEVELOPMENT,1980,0.771
Saint Kitts and Nevis,HIGH HUMAN DEVELOPMENT,1980,..
Tonga,HIGH HUMAN DEVELOPMENT,1980,..
Libyan Arab Jamahiriya,HIGH HUMAN DEVELOPMENT,1980,..
Antigua and Barbuda,HIGH HUMAN DEVELOPMENT,1980,..
Oman,HIGH HUMAN DEVELOPMENT,1980,0.547
Trinidad and Tobago,HIGH HUMAN DEVELOPMENT,1980,0.784
Romania,HIGH HUMAN DEVELOPMENT,1980,0.786
Saudi Arabia,HIGH HUMAN DEVELOPMENT,1980,0.666
Panama,HIGH HUMAN DEVELOPMENT,1980,0.737
Malaysia,HIGH HUMAN DEVELOPMENT,1980,0.662
Belarus,HIGH HUMAN DEVELOPMENT,1980,..
Mauritius,HIGH HUMAN DEVELOPMENT,1980,0.662
Bosnia and Herzegovina,HIGH HUMAN DEVELOPMENT,1980,..
Russian Federation,HIGH HUMAN DEVELOPMENT,1980,..
Albania,HIGH HUMAN DEVELOPMENT,1980,0.675
Macedonia (TFYR),HIGH HUMAN DEVELOPMENT,1980,..
Brazil,HIGH HUMAN DEVELOPMENT,1980,0.685
Dominica,MEDIUM HUMAN DEVELOPMENT,1980,..
Saint Lucia,MEDIUM HUMAN DEVELOPMENT,1980,..
Kazakhstan,MEDIUM HUMAN DEVELOPMENT,1980,..
Venezuela (Bolivarian Republic of),MEDIUM HUMAN DEVELOPMENT,1980,0.737
Colombia,MEDIUM HUMAN DEVELOPMENT,1980,0.694
Ukraine,MEDIUM HUMAN DEVELOPMENT,1980,..
Samoa,MEDIUM HUMAN DEVELOPMENT,1980,..
Thailand,MEDIUM HUMAN DEVELOPMENT,1980,0.654
Dominican Republic,MEDIUM HUMAN DEVELOPMENT,1980,0.660
Belize,MEDIUM HUMAN DEVELOPMENT,1980,0.712
China,MEDIUM HUMAN DEVELOPMENT,1980,0.559
Grenada,MEDIUM HUMAN DEVELOPMENT,1980,..
Armenia,MEDIUM HUMAN DEVELOPMENT,1980,..
Turkey,MEDIUM HUMAN DEVELOPMENT,1980,0.615
Suriname,MEDIUM HUMAN DEVELOPMENT,1980,..
Jordan,MEDIUM HUMAN DEVELOPMENT,1980,0.647
Peru,MEDIUM HUMAN DEVELOPMENT,1980,0.676
Lebanon,MEDIUM HUMAN DEVELOPMENT,1980,..
Ecuador,MEDIUM HUMAN DEVELOPMENT,1980,0.678
Philippines,MEDIUM HUMAN DEVELOPMENT,1980,0.688
Tunisia,MEDIUM HUMAN DEVELOPMENT,1980,0.575
Fiji,MEDIUM HUMAN DEVELOPMENT,1980,0.688
Saint Vincent and the Grenadines,MEDIUM HUMAN DEVELOPMENT,1980,..
Iran (Islamic Republic of),MEDIUM HUMAN DEVELOPMENT,1980,0.578
Paraguay,MEDIUM HUMAN DEVELOPMENT,1980,0.701
Georgia,MEDIUM HUMAN DEVELOPMENT,1980,..
Guyana,MEDIUM HUMAN DEVELOPMENT,1980,0.684
Azerbaijan,MEDIUM HUMAN DEVELOPMENT,1980,..
Sri Lanka,MEDIUM HUMAN DEVELOPMENT,1980,0.656
Maldives,MEDIUM HUMAN DEVELOPMENT,1980,..
Jamaica,MEDIUM HUMAN DEVELOPMENT,1980,0.689
Cape Verde,MEDIUM HUMAN DEVELOPMENT,1980,..
El Salvador,MEDIUM HUMAN DEVELOPMENT,1980,0.590
Algeria,MEDIUM HUMAN DEVELOPMENT,1980,0.562
Viet Nam,MEDIUM HUMAN DEVELOPMENT,1980,..
Occupied Palestinian Territories,MEDIUM HUMAN DEVELOPMENT,1980,..
Indonesia,MEDIUM HUMAN DEVELOPMENT,1980,0.533
Syrian Arab Republic,MEDIUM HUMAN DEVELOPMENT,1980,0.593
Turkmenistan,MEDIUM HUMAN DEVELOPMENT,1980,..
Nicaragua,MEDIUM HUMAN DEVELOPMENT,1980,0.593
Moldova,MEDIUM HUMAN DEVELOPMENT,1980,0.700
Egypt,MEDIUM HUMAN DEVELOPMENT,1980,0.482
Uzbekistan,MEDIUM HUMAN DEVELOPMENT,1980,..
Mongolia,MEDIUM HUMAN DEVELOPMENT,1980,..
Honduras,MEDIUM HUMAN DEVELOPMENT,1980,0.578
Kyrgyzstan,MEDIUM HUMAN DEVELOPMENT,1980,..
Bolivia,MEDIUM HUMAN DEVELOPMENT,1980,0.553
Guatemala,MEDIUM HUMAN DEVELOPMENT,1980,0.550
Gabon,MEDIUM HUMAN DEVELOPMENT,1980,..
Vanuatu,MEDIUM HUMAN DEVELOPMENT,1980,..
South Africa,MEDIUM HUMAN DEVELOPMENT,1980,0.670
Tajikistan,MEDIUM HUMAN DEVELOPMENT,1980,..
Sao Tome and Principe,MEDIUM HUMAN DEVELOPMENT,1980,..
Botswana,MEDIUM HUMAN DEVELOPMENT,1980,0.571
Namibia,MEDIUM HUMAN DEVELOPMENT,1980,..
Morocco,MEDIUM HUMAN DEVELOPMENT,1980,0.483
Equatorial Guinea,MEDIUM HUMAN DEVELOPMENT,1980,..
India,MEDIUM HUMAN DEVELOPMENT,1980,0.450
Solomon Islands,MEDIUM HUMAN DEVELOPMENT,1980,..
Lao People's Democratic Republic,MEDIUM HUMAN DEVELOPMENT,1980,..
Cambodia,MEDIUM HUMAN DEVELOPMENT,1980,..
Myanmar,MEDIUM HUMAN DEVELOPMENT,1980,..
Bhutan,MEDIUM HUMAN DEVELOPMENT,1980,..
Comoros,MEDIUM HUMAN DEVELOPMENT,1980,0.483
Ghana,MEDIUM HUMAN DEVELOPMENT,1980,0.471
Pakistan,MEDIUM HUMAN DEVELOPMENT,1980,0.394
Mauritania,MEDIUM HUMAN DEVELOPMENT,1980,0.410
Lesotho,MEDIUM HUMAN DEVELOPMENT,1980,0.541
Congo,MEDIUM HUMAN DEVELOPMENT,1980,0.520
Bangladesh,MEDIUM HUMAN DEVELOPMENT,1980,0.365
Swaziland,MEDIUM HUMAN DEVELOPMENT,1980,0.561
Nepal,MEDIUM HUMAN DEVELOPMENT,1980,0.338
Madagascar,MEDIUM HUMAN DEVELOPMENT,1980,0.444
Cameroon,MEDIUM HUMAN DEVELOPMENT,1980,0.468
Papua New Guinea,MEDIUM HUMAN DEVELOPMENT,1980,0.462
Haiti,MEDIUM HUMAN DEVELOPMENT,1980,0.442
Sudan,MEDIUM HUMAN DEVELOPMENT,1980,0.381
Kenya,MEDIUM HUMAN DEVELOPMENT,1980,0.514
Djibouti,MEDIUM HUMAN DEVELOPMENT,1980,..
Timor-Leste,MEDIUM HUMAN DEVELOPMENT,1980,..
Zimbabwe,MEDIUM HUMAN DEVELOPMENT,1980,0.579
Togo,MEDIUM HUMAN DEVELOPMENT,1980,0.473
Yemen,MEDIUM HUMAN DEVELOPMENT,1980,..
Uganda,MEDIUM HUMAN DEVELOPMENT,1980,..
Gambia,MEDIUM HUMAN DEVELOPMENT,1980,..
Senegal,LOW HUMAN DEVELOPMENT,1980,0.367
Eritrea,LOW HUMAN DEVELOPMENT,1980,..
Nigeria,LOW HUMAN DEVELOPMENT,1980,0.378
Tanzania (United Republic of),LOW HUMAN DEVELOPMENT,1980,..
Guinea,LOW HUMAN DEVELOPMENT,1980,..
Rwanda,LOW HUMAN DEVELOPMENT,1980,0.385
Angola,LOW HUMAN DEVELOPMENT,1980,..
Benin,LOW HUMAN DEVELOPMENT,1980,0.344
Malawi,LOW HUMAN DEVELOPMENT,1980,0.355
Zambia,LOW HUMAN DEVELOPMENT,1980,0.478
Côte d'Ivoire,,1980,0.448
Burundi,,1980,0.318
Congo (Democratic Republic of the),,1980,0.423
Ethiopia,,1980,..
Chad,,1980,0.298
Central African Republic,,1980,0.371
Mozambique,,1980,0.304
Mali,,1980,0.268
Niger,,1980,0.264
Guinea-Bissau,,1980,0.271
Burkina Faso,,1980,0.280
Sierra Leone,,1980,..
Iceland,HIGH HUMAN DEVELOPMENT,1985,0.899
Norway,HIGH HUMAN DEVELOPMENT,1985,0.900
Australia,HIGH HUMAN DEVELOPMENT,1985,0.880
Canada,HIGH HUMAN DEVELOPMENT,1985,0.911
Ireland,HIGH HUMAN DEVELOPMENT,1985,0.851
Sweden,HIGH HUMAN DEVELOPMENT,1985,0.893
Switzerland,HIGH HUMAN DEVELOPMENT,1985,0.902
Japan,HIGH HUMAN DEVELOPMENT,1985,0.899
Netherlands,HIGH HUMAN DEVELOPMENT,1985,0.899
France,HIGH HUMAN DEVELOPMENT,1985,0.884
Finland,HIGH HUMAN DEVELOPMENT,1985,0.884
United States,HIGH HUMAN DEVELOPMENT,1985,0.904
Spain,HIGH HUMAN DEVELOPMENT,1985,0.877
Denmark,HIGH HUMAN DEVELOPMENT,1985,0.890
Austria,HIGH HUMAN DEVELOPMENT,1985,0.876
United Kingdom,HIGH HUMAN DEVELOPMENT,1985,0.870
Belgium,HIGH HUMAN DEVELOPMENT,1985,0.883
Luxembourg,HIGH HUMAN DEVELOPMENT,1985,0.863
New Zealand,HIGH HUMAN DEVELOPMENT,1985,0.871
Italy,HIGH HUMAN DEVELOPMENT,1985,0.869
"Hong Kong, China (SAR)",HIGH HUMAN DEVELOPMENT,1985,0.830
Germany,HIGH HUMAN DEVELOPMENT,1985,0.871
Israel,HIGH HUMAN DEVELOPMENT,1985,0.850
Greece,HIGH HUMAN DEVELOPMENT,1985,0.869
Singapore,HIGH HUMAN DEVELOPMENT,1985,0.789
Korea (Republic of),HIGH HUMAN DEVELOPMENT,1985,0.785
Slovenia,HIGH HUMAN DEVELOPMENT,1985,..
Cyprus,HIGH HUMAN DEVELOPMENT,1985,0.828
Portugal,HIGH HUMAN DEVELOPMENT,1985,0.829
Brunei Darussalam,HIGH HUMAN DEVELOPMENT,1985,..
Barbados,HIGH HUMAN DEVELOPMENT,1985,..
Czech Republic,HIGH HUMAN DEVELOPMENT,1985,..
Kuwait,HIGH HUMAN DEVELOPMENT,1985,0.794
Malta,HIGH HUMAN DEVELOPMENT,1985,0.799
Qatar,HIGH HUMAN DEVELOPMENT,1985,..
Hungary,HIGH HUMAN DEVELOPMENT,1985,0.813
Poland,HIGH HUMAN DEVELOPMENT,1985,..
Argentina,HIGH HUMAN DEVELOPMENT,1985,0.811
United Arab Emirates,HIGH HUMAN DEVELOPMENT,1985,0.790
Chile,HIGH HUMAN DEVELOPMENT,1985,0.761
Bahrain,HIGH HUMAN DEVELOPMENT,1985,0.783
Slovakia,HIGH HUMAN DEVELOPMENT,1985,..
Lithuania,HIGH HUMAN DEVELOPMENT,1985,..
Estonia,HIGH HUMAN DEVELOPMENT,1985,0.820
Latvia,HIGH HUMAN DEVELOPMENT,1985,0.810
Uruguay,HIGH HUMAN DEVELOPMENT,1985,0.787
Croatia,HIGH HUMAN DEVELOPMENT,1985,..
Costa Rica,HIGH HUMAN DEVELOPMENT,1985,0.774
Bahamas,HIGH HUMAN DEVELOPMENT,1985,0.822
Seychelles,HIGH HUMAN DEVELOPMENT,1985,..
Cuba,HIGH HUMAN DEVELOPMENT,1985,..
Mexico,HIGH HUMAN DEVELOPMENT,1985,0.758
Bulgaria,HIGH HUMAN DEVELOPMENT,1985,0.792
Saint Kitts and Nevis,HIGH HUMAN DEVELOPMENT,1985,..
Tonga,HIGH HUMAN DEVELOPMENT,1985,..
Libyan Arab Jamahiriya,HIGH HUMAN DEVELOPMENT,1985,..
Antigua and Barbuda,HIGH HUMAN DEVELOPMENT,1985,..
Oman,HIGH HUMAN DEVELOPMENT,1985,0.641
Trinidad and Tobago,HIGH HUMAN DEVELOPMENT,1985,0.782
Romania,HIGH HUMAN DEVELOPMENT,1985,0.792
Saudi Arabia,HIGH HUMAN DEVELOPMENT,1985,0.684
Panama,HIGH HUMAN DEVELOPMENT,1985,0.751
Malaysia,HIGH HUMAN DEVELOPMENT,1985,0.696
Belarus,HIGH HUMAN DEVELOPMENT,1985,..
Mauritius,HIGH HUMAN DEVELOPMENT,1985,0.692
Bosnia and Herzegovina,HIGH HUMAN DEVELOPMENT,1985,..
Russian Federation,HIGH HUMAN DEVELOPMENT,1985,..
Albania,HIGH HUMAN DEVELOPMENT,1985,0.694
Macedonia (TFYR),HIGH HUMAN DEVELOPMENT,1985,..
Brazil,HIGH HUMAN DEVELOPMENT,1985,0.700
Dominica,MEDIUM HUMAN DEVELOPMENT,1985,..
Saint Lucia,MEDIUM HUMAN DEVELOPMENT,1985,..
Kazakhstan,MEDIUM HUMAN DEVELOPMENT,1985,..
Venezuela (Bolivarian Republic of),MEDIUM HUMAN DEVELOPMENT,1985,0.743
Colombia,MEDIUM HUMAN DEVELOPMENT,1985,0.709
Ukraine,MEDIUM HUMAN DEVELOPMENT,1985,..
Samoa,MEDIUM HUMAN DEVELOPMENT,1985,0.709
Thailand,MEDIUM HUMAN DEVELOPMENT,1985,0.679
Dominican Republic,MEDIUM HUMAN DEVELOPMENT,1985,0.684
Belize,MEDIUM HUMAN DEVELOPMENT,1985,0.718
China,MEDIUM HUMAN DEVELOPMENT,1985,0.595
Grenada,MEDIUM HUMAN DEVELOPMENT,1985,..
Armenia,MEDIUM HUMAN DEVELOPMENT,1985,..
Turkey,MEDIUM HUMAN DEVELOPMENT,1985,0.651
Suriname,MEDIUM HUMAN DEVELOPMENT,1985,..
Jordan,MEDIUM HUMAN DEVELOPMENT,1985,0.669
Peru,MEDIUM HUMAN DEVELOPMENT,1985,0.699
Lebanon,MEDIUM HUMAN DEVELOPMENT,1985,..
Ecuador,MEDIUM HUMAN DEVELOPMENT,1985,0.699
Philippines,MEDIUM HUMAN DEVELOPMENT,1985,0.692
Tunisia,MEDIUM HUMAN DEVELOPMENT,1985,0.626
Fiji,MEDIUM HUMAN DEVELOPMENT,1985,0.702
Saint Vincent and the Grenadines,MEDIUM HUMAN DEVELOPMENT,1985,..
Iran (Islamic Republic of),MEDIUM HUMAN DEVELOPMENT,1985,0.615
Paraguay,MEDIUM HUMAN DEVELOPMENT,1985,0.707
Georgia,MEDIUM HUMAN DEVELOPMENT,1985,..
Guyana,MEDIUM HUMAN DEVELOPMENT,1985,0.675
Azerbaijan,MEDIUM HUMAN DEVELOPMENT,1985,..
Sri Lanka,MEDIUM HUMAN DEVELOPMENT,1985,0.683
Maldives,MEDIUM HUMAN DEVELOPMENT,1985,..
Jamaica,MEDIUM HUMAN DEVELOPMENT,1985,0.690
Cape Verde,MEDIUM HUMAN DEVELOPMENT,1985,0.589
El Salvador,MEDIUM HUMAN DEVELOPMENT,1985,0.611
Algeria,MEDIUM HUMAN DEVELOPMENT,1985,0.613
Viet Nam,MEDIUM HUMAN DEVELOPMENT,1985,0.590
Occupied Palestinian Territories,MEDIUM HUMAN DEVELOPMENT,1985,..
Indonesia,MEDIUM HUMAN DEVELOPMENT,1985,0.585
Syrian Arab Republic,MEDIUM HUMAN DEVELOPMENT,1985,0.628
Turkmenistan,MEDIUM HUMAN DEVELOPMENT,1985,..
Nicaragua,MEDIUM HUMAN DEVELOPMENT,1985,0.601
Moldova,MEDIUM HUMAN DEVELOPMENT,1985,0.722
Egypt,MEDIUM HUMAN DEVELOPMENT,1985,0.532
Uzbekistan,MEDIUM HUMAN DEVELOPMENT,1985,..
Mongolia,MEDIUM HUMAN DEVELOPMENT,1985,0.637
Honduras,MEDIUM HUMAN DEVELOPMENT,1985,0.611
Kyrgyzstan,MEDIUM HUMAN DEVELOPMENT,1985,..
Bolivia,MEDIUM HUMAN DEVELOPMENT,1985,0.580
Guatemala,MEDIUM HUMAN DEVELOPMENT,1985,0.566
Gabon,MEDIUM HUMAN DEVELOPMENT,1985,..
Vanuatu,MEDIUM HUMAN DEVELOPMENT,1985,..
South Africa,MEDIUM HUMAN DEVELOPMENT,1985,0.699
Tajikistan,MEDIUM HUMAN DEVELOPMENT,1985,0.705
Sao Tome and Principe,MEDIUM HUMAN DEVELOPMENT,1985,..
Botswana,MEDIUM HUMAN DEVELOPMENT,1985,0.624
Namibia,MEDIUM HUMAN DEVELOPMENT,1985,..
Morocco,MEDIUM HUMAN DEVELOPMENT,1985,0.519
Equatorial Guinea,MEDIUM HUMAN DEVELOPMENT,1985,0.484
India,MEDIUM HUMAN DEVELOPMENT,1985,0.487
Solomon Islands,MEDIUM HUMAN DEVELOPMENT,1985,..
Lao People's Democratic Republic,MEDIUM HUMAN DEVELOPMENT,1985,0.448
Cambodia,MEDIUM HUMAN DEVELOPMENT,1985,..
Myanmar,MEDIUM HUMAN DEVELOPMENT,1985,..
Bhutan,MEDIUM HUMAN DEVELOPMENT,1985,..
Comoros,MEDIUM HUMAN DEVELOPMENT,1985,0.500
Ghana,MEDIUM HUMAN DEVELOPMENT,1985,0.486
Pakistan,MEDIUM HUMAN DEVELOPMENT,1985,0.427
Mauritania,MEDIUM HUMAN DEVELOPMENT,1985,0.435
Lesotho,MEDIUM HUMAN DEVELOPMENT,1985,0.571
Congo,MEDIUM HUMAN DEVELOPMENT,1985,0.567
Bangladesh,MEDIUM HUMAN DEVELOPMENT,1985,0.392
Swaziland,MEDIUM HUMAN DEVELOPMENT,1985,0.588
Nepal,MEDIUM HUMAN DEVELOPMENT,1985,0.380
Madagascar,MEDIUM HUMAN DEVELOPMENT,1985,0.440
Cameroon,MEDIUM HUMAN DEVELOPMENT,1985,0.523
Papua New Guinea,MEDIUM HUMAN DEVELOPMENT,1985,0.481
Haiti,MEDIUM HUMAN DEVELOPMENT,1985,0.462
Sudan,MEDIUM HUMAN DEVELOPMENT,1985,0.400
Kenya,MEDIUM HUMAN DEVELOPMENT,1985,0.534
Djibouti,MEDIUM HUMAN DEVELOPMENT,1985,..
Timor-Leste,MEDIUM HUMAN DEVELOPMENT,1985,..
Zimbabwe,MEDIUM HUMAN DEVELOPMENT,1985,0.645
Togo,MEDIUM HUMAN DEVELOPMENT,1985,0.469
Yemen,MEDIUM HUMAN DEVELOPMENT,1985,..
Uganda,MEDIUM HUMAN DEVELOPMENT,1985,0.420
Gambia,MEDIUM HUMAN DEVELOPMENT,1985,..
Senegal,LOW HUMAN DEVELOPMENT,1985,0.401
Eritrea,LOW HUMAN DEVELOPMENT,1985,..
Nigeria,LOW HUMAN DEVELOPMENT,1985,0.391
Tanzania (United Republic of),LOW HUMAN DEVELOPMENT,1985,..
Guinea,LOW HUMAN DEVELOPMENT,1985,..
Rwanda,LOW HUMAN DEVELOPMENT,1985,0.403
Angola,LOW HUMAN DEVELOPMENT,1985,..
Benin,LOW HUMAN DEVELOPMENT,1985,0.367
Malawi,LOW HUMAN DEVELOPMENT,1985,0.370
Zambia,LOW HUMAN DEVELOPMENT,1985,0.489
Côte d'Ivoire,,1985,0.453
Burundi,,1985,0.352
Congo (Democratic Republic of the),,1985,0.430
Ethiopia,,1985,0.311
Chad,,1985,0.342
Central African Republic,,1985,0.394
Mozambique,,1985,0.291
Mali,,1985,0.272
Niger,,1985,0.261
Guinea-Bissau,,1985,0.300
Burkina Faso,,1985,0.305
Sierra Leone,,1985,..
Iceland,HIGH HUMAN DEVELOPMENT,1990,0.918
Norway,HIGH HUMAN DEVELOPMENT,1990,0.913
Australia,HIGH HUMAN DEVELOPMENT,1990,0.894
Canada,HIGH HUMAN DEVELOPMENT,1990,0.931
Ireland,HIGH HUMAN DEVELOPMENT,1990,0.875
Sweden,HIGH HUMAN DEVELOPMENT,1990,0.904
Switzerland,HIGH HUMAN DEVELOPMENT,1990,0.915
Japan,HIGH HUMAN DEVELOPMENT,1990,0.916
Netherlands,HIGH HUMAN DEVELOPMENT,1990,0.914
France,HIGH HUMAN DEVELOPMENT,1990,0.907
Finland,HIGH HUMAN DEVELOPMENT,1990,0.906
United States,HIGH HUMAN DEVELOPMENT,1990,0.919
Spain,HIGH HUMAN DEVELOPMENT,1990,0.896
Denmark,HIGH HUMAN DEVELOPMENT,1990,0.898
Austria,HIGH HUMAN DEVELOPMENT,1990,0.899
United Kingdom,HIGH HUMAN DEVELOPMENT,1990,0.890
Belgium,HIGH HUMAN DEVELOPMENT,1990,0.903
Luxembourg,HIGH HUMAN DEVELOPMENT,1990,0.890
New Zealand,HIGH HUMAN DEVELOPMENT,1990,0.880
Italy,HIGH HUMAN DEVELOPMENT,1990,0.892
"Hong Kong, China (SAR)",HIGH HUMAN DEVELOPMENT,1990,0.865
Germany,HIGH HUMAN DEVELOPMENT,1990,0.890
Israel,HIGH HUMAN DEVELOPMENT,1990,0.869
Greece,HIGH HUMAN DEVELOPMENT,1990,0.877
Singapore,HIGH HUMAN DEVELOPMENT,1990,0.827
Korea (Republic of),HIGH HUMAN DEVELOPMENT,1990,0.825
Slovenia,HIGH HUMAN DEVELOPMENT,1990,0.851
Cyprus,HIGH HUMAN DEVELOPMENT,1990,0.851
Portugal,HIGH HUMAN DEVELOPMENT,1990,0.855
Brunei Darussalam,HIGH HUMAN DEVELOPMENT,1990,..
Barbados,HIGH HUMAN DEVELOPMENT,1990,..
Czech Republic,HIGH HUMAN DEVELOPMENT,1990,0.845
Kuwait,HIGH HUMAN DEVELOPMENT,1990,..
Malta,HIGH HUMAN DEVELOPMENT,1990,0.833
Qatar,HIGH HUMAN DEVELOPMENT,1990,..
Hungary,HIGH HUMAN DEVELOPMENT,1990,0.813
Poland,HIGH HUMAN DEVELOPMENT,1990,0.806
Argentina,HIGH HUMAN DEVELOPMENT,1990,0.813
United Arab Emirates,HIGH HUMAN DEVELOPMENT,1990,0.816
Chile,HIGH HUMAN DEVELOPMENT,1990,0.788
Bahrain,HIGH HUMAN DEVELOPMENT,1990,0.808
Slovakia,HIGH HUMAN DEVELOPMENT,1990,..
Lithuania,HIGH HUMAN DEVELOPMENT,1990,0.827
Estonia,HIGH HUMAN DEVELOPMENT,1990,0.813
Latvia,HIGH HUMAN DEVELOPMENT,1990,0.804
Uruguay,HIGH HUMAN DEVELOPMENT,1990,0.806
Croatia,HIGH HUMAN DEVELOPMENT,1990,0.812
Costa Rica,HIGH HUMAN DEVELOPMENT,1990,0.794
Bahamas,HIGH HUMAN DEVELOPMENT,1990,0.831
Seychelles,HIGH HUMAN DEVELOPMENT,1990,..
Cuba,HIGH HUMAN DEVELOPMENT,1990,..
Mexico,HIGH HUMAN DEVELOPMENT,1990,0.768
Bulgaria,HIGH HUMAN DEVELOPMENT,1990,0.794
Saint Kitts and Nevis,HIGH HUMAN DEVELOPMENT,1990,..
Tonga,HIGH HUMAN DEVELOPMENT,1990,..
Libyan Arab Jamahiriya,HIGH HUMAN DEVELOPMENT,1990,..
Antigua and Barbuda,HIGH HUMAN DEVELOPMENT,1990,..
Oman,HIGH HUMAN DEVELOPMENT,1990,0.697
Trinidad and Tobago,HIGH HUMAN DEVELOPMENT,1990,0.784
Romania,HIGH HUMAN DEVELOPMENT,1990,0.777
Saudi Arabia,HIGH HUMAN DEVELOPMENT,1990,0.717
Panama,HIGH HUMAN DEVELOPMENT,1990,0.752
Malaysia,HIGH HUMAN DEVELOPMENT,1990,0.725
Belarus,HIGH HUMAN DEVELOPMENT,1990,0.790
Mauritius,HIGH HUMAN DEVELOPMENT,1990,0.728
Bosnia and Herzegovina,HIGH HUMAN DEVELOPMENT,1990,..
Russian Federation,HIGH HUMAN DEVELOPMENT,1990,0.815
Albania,HIGH HUMAN DEVELOPMENT,1990,0.704
Macedonia (TFYR),HIGH HUMAN DEVELOPMENT,1990,..
Brazil,HIGH HUMAN DEVELOPMENT,1990,0.723
Dominica,MEDIUM HUMAN DEVELOPMENT,1990,..
Saint Lucia,MEDIUM HUMAN DEVELOPMENT,1990,..
Kazakhstan,MEDIUM HUMAN DEVELOPMENT,1990,0.771
Venezuela (Bolivarian Republic of),MEDIUM HUMAN DEVELOPMENT,1990,0.762
Colombia,MEDIUM HUMAN DEVELOPMENT,1990,0.729
Ukraine,MEDIUM HUMAN DEVELOPMENT,1990,0.809
Samoa,MEDIUM HUMAN DEVELOPMENT,1990,0.721
Thailand,MEDIUM HUMAN DEVELOPMENT,1990,0.712
Dominican Republic,MEDIUM HUMAN DEVELOPMENT,1990,0.697
Belize,MEDIUM HUMAN DEVELOPMENT,1990,0.750
China,MEDIUM HUMAN DEVELOPMENT,1990,0.634
Grenada,MEDIUM HUMAN DEVELOPMENT,1990,..
Armenia,MEDIUM HUMAN DEVELOPMENT,1990,0.737
Turkey,MEDIUM HUMAN DEVELOPMENT,1990,0.683
Suriname,MEDIUM HUMAN DEVELOPMENT,1990,..
Jordan,MEDIUM HUMAN DEVELOPMENT,1990,0.684
Peru,MEDIUM HUMAN DEVELOPMENT,1990,0.710
Lebanon,MEDIUM HUMAN DEVELOPMENT,1990,0.692
Ecuador,MEDIUM HUMAN DEVELOPMENT,1990,0.714
Philippines,MEDIUM HUMAN DEVELOPMENT,1990,0.721
Tunisia,MEDIUM HUMAN DEVELOPMENT,1990,0.662
Fiji,MEDIUM HUMAN DEVELOPMENT,1990,..
Saint Vincent and the Grenadines,MEDIUM HUMAN DEVELOPMENT,1990,..
Iran (Islamic Republic of),MEDIUM HUMAN DEVELOPMENT,1990,0.653
Paraguay,MEDIUM HUMAN DEVELOPMENT,1990,0.718
Georgia,MEDIUM HUMAN DEVELOPMENT,1990,..
Guyana,MEDIUM HUMAN DEVELOPMENT,1990,0.679
Azerbaijan,MEDIUM HUMAN DEVELOPMENT,1990,..
Sri Lanka,MEDIUM HUMAN DEVELOPMENT,1990,0.702
Maldives,MEDIUM HUMAN DEVELOPMENT,1990,..
Jamaica,MEDIUM HUMAN DEVELOPMENT,1990,0.713
Cape Verde,MEDIUM HUMAN DEVELOPMENT,1990,0.627
El Salvador,MEDIUM HUMAN DEVELOPMENT,1990,0.653
Algeria,MEDIUM HUMAN DEVELOPMENT,1990,0.652
Viet Nam,MEDIUM HUMAN DEVELOPMENT,1990,0.620
Occupied Palestinian Territories,MEDIUM HUMAN DEVELOPMENT,1990,..
Indonesia,MEDIUM HUMAN DEVELOPMENT,1990,0.626
Syrian Arab Republic,MEDIUM HUMAN DEVELOPMENT,1990,0.646
Turkmenistan,MEDIUM HUMAN DEVELOPMENT,1990,..
Nicaragua,MEDIUM HUMAN DEVELOPMENT,1990,0.610
Moldova,MEDIUM HUMAN DEVELOPMENT,1990,0.740
Egypt,MEDIUM HUMAN DEVELOPMENT,1990,0.575
Uzbekistan,MEDIUM HUMAN DEVELOPMENT,1990,0.704
Mongolia,MEDIUM HUMAN DEVELOPMENT,1990,0.654
Honduras,MEDIUM HUMAN DEVELOPMENT,1990,0.634
Kyrgyzstan,MEDIUM HUMAN DEVELOPMENT,1990,..
Bolivia,MEDIUM HUMAN DEVELOPMENT,1990,0.606
Guatemala,MEDIUM HUMAN DEVELOPMENT,1990,0.592
Gabon,MEDIUM HUMAN DEVELOPMENT,1990,..
Vanuatu,MEDIUM HUMAN DEVELOPMENT,1990,..
South Africa,MEDIUM HUMAN DEVELOPMENT,1990,0.731
Tajikistan,MEDIUM HUMAN DEVELOPMENT,1990,0.703
Sao Tome and Principe,MEDIUM HUMAN DEVELOPMENT,1990,..
Botswana,MEDIUM HUMAN DEVELOPMENT,1990,0.674
Namibia,MEDIUM HUMAN DEVELOPMENT,1990,..
Morocco,MEDIUM HUMAN DEVELOPMENT,1990,0.551
Equatorial Guinea,MEDIUM HUMAN DEVELOPMENT,1990,0.505
India,MEDIUM HUMAN DEVELOPMENT,1990,0.521
Solomon Islands,MEDIUM HUMAN DEVELOPMENT,1990,..
Lao People's Democratic Republic,MEDIUM HUMAN DEVELOPMENT,1990,0.478
Cambodia,MEDIUM HUMAN DEVELOPMENT,1990,..
Myanmar,MEDIUM HUMAN DEVELOPMENT,1990,..
Bhutan,MEDIUM HUMAN DEVELOPMENT,1990,..
Comoros,MEDIUM HUMAN DEVELOPMENT,1990,0.506
Ghana,MEDIUM HUMAN DEVELOPMENT,1990,0.517
Pakistan,MEDIUM HUMAN DEVELOPMENT,1990,0.467
Mauritania,MEDIUM HUMAN DEVELOPMENT,1990,0.455
Lesotho,MEDIUM HUMAN DEVELOPMENT,1990,0.605
Congo,MEDIUM HUMAN DEVELOPMENT,1990,0.559
Bangladesh,MEDIUM HUMAN DEVELOPMENT,1990,0.422
Swaziland,MEDIUM HUMAN DEVELOPMENT,1990,0.633
Nepal,MEDIUM HUMAN DEVELOPMENT,1990,0.427
Madagascar,MEDIUM HUMAN DEVELOPMENT,1990,0.450
Cameroon,MEDIUM HUMAN DEVELOPMENT,1990,0.529
Papua New Guinea,MEDIUM HUMAN DEVELOPMENT,1990,0.495
Haiti,MEDIUM HUMAN DEVELOPMENT,1990,0.472
Sudan,MEDIUM HUMAN DEVELOPMENT,1990,0.429
Kenya,MEDIUM HUMAN DEVELOPMENT,1990,0.556
Djibouti,MEDIUM HUMAN DEVELOPMENT,1990,0.476
Timor-Leste,MEDIUM HUMAN DEVELOPMENT,1990,..
Zimbabwe,MEDIUM HUMAN DEVELOPMENT,1990,0.654
Togo,MEDIUM HUMAN DEVELOPMENT,1990,0.496
Yemen,MEDIUM HUMAN DEVELOPMENT,1990,0.402
Uganda,MEDIUM HUMAN DEVELOPMENT,1990,0.434
Gambia,MEDIUM HUMAN DEVELOPMENT,1990,..
Senegal,LOW HUMAN DEVELOPMENT,1990,0.428
Eritrea,LOW HUMAN DEVELOPMENT,1990,..
Nigeria,LOW HUMAN DEVELOPMENT,1990,0.411
Tanzania (United Republic of),LOW HUMAN DEVELOPMENT,1990,0.421
Guinea,LOW HUMAN DEVELOPMENT,1990,..
Rwanda,LOW HUMAN DEVELOPMENT,1990,0.340
Angola,LOW HUMAN DEVELOPMENT,1990,..
Benin,LOW HUMAN DEVELOPMENT,1990,0.374
Malawi,LOW HUMAN DEVELOPMENT,1990,0.388
Zambia,LOW HUMAN DEVELOPMENT,1990,0.477
Côte d'Ivoire,,1990,0.450
Burundi,,1990,0.366
Congo (Democratic Republic of the),,1990,0.423
Ethiopia,,1990,0.332
Chad,,1990,0.364
Central African Republic,,1990,0.398
Mozambique,,1990,0.317
Mali,,1990,0.296
Niger,,1990,0.279
Guinea-Bissau,,1990,0.322
Burkina Faso,,1990,0.321
Sierra Leone,,1990,..
Iceland,HIGH HUMAN DEVELOPMENT,1995,0.923
Norway,HIGH HUMAN DEVELOPMENT,1995,0.938
Australia,HIGH HUMAN DEVELOPMENT,1995,0.934
Canada,HIGH HUMAN DEVELOPMENT,1995,0.936
Ireland,HIGH HUMAN DEVELOPMENT,1995,0.898
Sweden,HIGH HUMAN DEVELOPMENT,1995,0.935
Switzerland,HIGH HUMAN DEVELOPMENT,1995,0.926
Japan,HIGH HUMAN DEVELOPMENT,1995,0.929
Netherlands,HIGH HUMAN DEVELOPMENT,1995,0.934
France,HIGH HUMAN DEVELOPMENT,1995,0.925
Finland,HIGH HUMAN DEVELOPMENT,1995,0.918
United States,HIGH HUMAN DEVELOPMENT,1995,0.931
Spain,HIGH HUMAN DEVELOPMENT,1995,0.914
Denmark,HIGH HUMAN DEVELOPMENT,1995,0.916
Austria,HIGH HUMAN DEVELOPMENT,1995,0.918
United Kingdom,HIGH HUMAN DEVELOPMENT,1995,0.929
Belgium,HIGH HUMAN DEVELOPMENT,1995,0.931
Luxembourg,HIGH HUMAN DEVELOPMENT,1995,0.913
New Zealand,HIGH HUMAN DEVELOPMENT,1995,0.908
Italy,HIGH HUMAN DEVELOPMENT,1995,0.910
"Hong Kong, China (SAR)",HIGH HUMAN DEVELOPMENT,1995,0.886
Germany,HIGH HUMAN DEVELOPMENT,1995,0.913
Israel,HIGH HUMAN DEVELOPMENT,1995,0.891
Greece,HIGH HUMAN DEVELOPMENT,1995,0.882
Singapore,HIGH HUMAN DEVELOPMENT,1995,0.865
Korea (Republic of),HIGH HUMAN DEVELOPMENT,1995,0.861
Slovenia,HIGH HUMAN DEVELOPMENT,1995,0.857
Cyprus,HIGH HUMAN DEVELOPMENT,1995,0.870
Portugal,HIGH HUMAN DEVELOPMENT,1995,0.885
Brunei Darussalam,HIGH HUMAN DEVELOPMENT,1995,..
Barbados,HIGH HUMAN DEVELOPMENT,1995,..
Czech Republic,HIGH HUMAN DEVELOPMENT,1995,0.854
Kuwait,HIGH HUMAN DEVELOPMENT,1995,0.826
Malta,HIGH HUMAN DEVELOPMENT,1995,0.857
Qatar,HIGH HUMAN DEVELOPMENT,1995,..
Hungary,HIGH HUMAN DEVELOPMENT,1995,0.817
Poland,HIGH HUMAN DEVELOPMENT,1995,0.822
Argentina,HIGH HUMAN DEVELOPMENT,1995,0.836
United Arab Emirates,HIGH HUMAN DEVELOPMENT,1995,0.825
Chile,HIGH HUMAN DEVELOPMENT,1995,0.819
Bahrain,HIGH HUMAN DEVELOPMENT,1995,0.834
Slovakia,HIGH HUMAN DEVELOPMENT,1995,..
Lithuania,HIGH HUMAN DEVELOPMENT,1995,0.791
Estonia,HIGH HUMAN DEVELOPMENT,1995,0.792
Latvia,HIGH HUMAN DEVELOPMENT,1995,0.771
Uruguay,HIGH HUMAN DEVELOPMENT,1995,0.821
Croatia,HIGH HUMAN DEVELOPMENT,1995,0.805
Costa Rica,HIGH HUMAN DEVELOPMENT,1995,0.814
Bahamas,HIGH HUMAN DEVELOPMENT,1995,0.820
Seychelles,HIGH HUMAN DEVELOPMENT,1995,..
Cuba,HIGH HUMAN DEVELOPMENT,1995,..
Mexico,HIGH HUMAN DEVELOPMENT,1995,0.786
Bulgaria,HIGH HUMAN DEVELOPMENT,1995,0.785
Saint Kitts and Nevis,HIGH HUMAN DEVELOPMENT,1995,..
Tonga,HIGH HUMAN DEVELOPMENT,1995,..
Libyan Arab Jamahiriya,HIGH HUMAN DEVELOPMENT,1995,..
Antigua and Barbuda,HIGH HUMAN DEVELOPMENT,1995,..
Oman,HIGH HUMAN DEVELOPMENT,1995,0.741
Trinidad and Tobago,HIGH HUMAN DEVELOPMENT,1995,0.785
Romania,HIGH HUMAN DEVELOPMENT,1995,0.772
Saudi Arabia,HIGH HUMAN DEVELOPMENT,1995,0.748
Panama,HIGH HUMAN DEVELOPMENT,1995,0.775
Malaysia,HIGH HUMAN DEVELOPMENT,1995,0.763
Belarus,HIGH HUMAN DEVELOPMENT,1995,0.755
Mauritius,HIGH HUMAN DEVELOPMENT,1995,0.751
Bosnia and Herzegovina,HIGH HUMAN DEVELOPMENT,1995,..
Russian Federation,HIGH HUMAN DEVELOPMENT,1995,0.771
Albania,HIGH HUMAN DEVELOPMENT,1995,0.705
Macedonia (TFYR),HIGH HUMAN DEVELOPMENT,1995,..
Brazil,HIGH HUMAN DEVELOPMENT,1995,0.753
Dominica,MEDIUM HUMAN DEVELOPMENT,1995,..
Saint Lucia,MEDIUM HUMAN DEVELOPMENT,1995,..
Kazakhstan,MEDIUM HUMAN DEVELOPMENT,1995,0.724
Venezuela (Bolivarian Republic of),MEDIUM HUMAN DEVELOPMENT,1995,0.770
Colombia,MEDIUM HUMAN DEVELOPMENT,1995,0.753
Ukraine,MEDIUM HUMAN DEVELOPMENT,1995,0.756
Samoa,MEDIUM HUMAN DEVELOPMENT,1995,0.740
Thailand,MEDIUM HUMAN DEVELOPMENT,1995,0.745
Dominican Republic,MEDIUM HUMAN DEVELOPMENT,1995,0.723
Belize,MEDIUM HUMAN DEVELOPMENT,1995,0.777
China,MEDIUM HUMAN DEVELOPMENT,1995,0.691
Grenada,MEDIUM HUMAN DEVELOPMENT,1995,..
Armenia,MEDIUM HUMAN DEVELOPMENT,1995,0.701
Turkey,MEDIUM HUMAN DEVELOPMENT,1995,0.717
Suriname,MEDIUM HUMAN DEVELOPMENT,1995,..
Jordan,MEDIUM HUMAN DEVELOPMENT,1995,0.710
Peru,MEDIUM HUMAN DEVELOPMENT,1995,0.737
Lebanon,MEDIUM HUMAN DEVELOPMENT,1995,0.730
Ecuador,MEDIUM HUMAN DEVELOPMENT,1995,0.734
Philippines,MEDIUM HUMAN DEVELOPMENT,1995,0.739
Tunisia,MEDIUM HUMAN DEVELOPMENT,1995,0.702
Fiji,MEDIUM HUMAN DEVELOPMENT,1995,0.743
Saint Vincent and the Grenadines,MEDIUM HUMAN DEVELOPMENT,1995,..
Iran (Islamic Republic of),MEDIUM HUMAN DEVELOPMENT,1995,0.693
Paraguay,MEDIUM HUMAN DEVELOPMENT,1995,0.737
Georgia,MEDIUM HUMAN DEVELOPMENT,1995,..
Guyana,MEDIUM HUMAN DEVELOPMENT,1995,0.699
Azerbaijan,MEDIUM HUMAN DEVELOPMENT,1995,..
Sri Lanka,MEDIUM HUMAN DEVELOPMENT,1995,0.721
Maldives,MEDIUM HUMAN DEVELOPMENT,1995,..
Jamaica,MEDIUM HUMAN DEVELOPMENT,1995,0.728
Cape Verde,MEDIUM HUMAN DEVELOPMENT,1995,0.678
El Salvador,MEDIUM HUMAN DEVELOPMENT,1995,0.692
Algeria,MEDIUM HUMAN DEVELOPMENT,1995,0.672
Viet Nam,MEDIUM HUMAN DEVELOPMENT,1995,0.672
Occupied Palestinian Territories,MEDIUM HUMAN DEVELOPMENT,1995,..
Indonesia,MEDIUM HUMAN DEVELOPMENT,1995,0.670
Syrian Arab Republic,MEDIUM HUMAN DEVELOPMENT,1995,0.676
Turkmenistan,MEDIUM HUMAN DEVELOPMENT,1995,..
Nicaragua,MEDIUM HUMAN DEVELOPMENT,1995,0.637
Moldova,MEDIUM HUMAN DEVELOPMENT,1995,0.684
Egypt,MEDIUM HUMAN DEVELOPMENT,1995,0.613
Uzbekistan,MEDIUM HUMAN DEVELOPMENT,1995,0.683
Mongolia,MEDIUM HUMAN DEVELOPMENT,1995,0.638
Honduras,MEDIUM HUMAN DEVELOPMENT,1995,0.653
Kyrgyzstan,MEDIUM HUMAN DEVELOPMENT,1995,..
Bolivia,MEDIUM HUMAN DEVELOPMENT,1995,0.639
Guatemala,MEDIUM HUMAN DEVELOPMENT,1995,0.626
Gabon,MEDIUM HUMAN DEVELOPMENT,1995,..
Vanuatu,MEDIUM HUMAN DEVELOPMENT,1995,..
South Africa,MEDIUM HUMAN DEVELOPMENT,1995,0.745
Tajikistan,MEDIUM HUMAN DEVELOPMENT,1995,0.638
Sao Tome and Principe,MEDIUM HUMAN DEVELOPMENT,1995,..
Botswana,MEDIUM HUMAN DEVELOPMENT,1995,0.658
Namibia,MEDIUM HUMAN DEVELOPMENT,1995,0.698
Morocco,MEDIUM HUMAN DEVELOPMENT,1995,0.581
Equatorial Guinea,MEDIUM HUMAN DEVELOPMENT,1995,0.529
India,MEDIUM HUMAN DEVELOPMENT,1995,0.551
Solomon Islands,MEDIUM HUMAN DEVELOPMENT,1995,..
Lao People's Democratic Republic,MEDIUM HUMAN DEVELOPMENT,1995,0.524
Cambodia,MEDIUM HUMAN DEVELOPMENT,1995,0.540
Myanmar,MEDIUM HUMAN DEVELOPMENT,1995,..
Bhutan,MEDIUM HUMAN DEVELOPMENT,1995,..
Comoros,MEDIUM HUMAN DEVELOPMENT,1995,0.521
Ghana,MEDIUM HUMAN DEVELOPMENT,1995,0.542
Pakistan,MEDIUM HUMAN DEVELOPMENT,1995,0.497
Mauritania,MEDIUM HUMAN DEVELOPMENT,1995,0.487
Lesotho,MEDIUM HUMAN DEVELOPMENT,1995,0.616
Congo,MEDIUM HUMAN DEVELOPMENT,1995,0.546
Bangladesh,MEDIUM HUMAN DEVELOPMENT,1995,0.453
Swaziland,MEDIUM HUMAN DEVELOPMENT,1995,0.641
Nepal,MEDIUM HUMAN DEVELOPMENT,1995,0.469
Madagascar,MEDIUM HUMAN DEVELOPMENT,1995,0.463
Cameroon,MEDIUM HUMAN DEVELOPMENT,1995,0.513
Papua New Guinea,MEDIUM HUMAN DEVELOPMENT,1995,0.532
Haiti,MEDIUM HUMAN DEVELOPMENT,1995,0.487
Sudan,MEDIUM HUMAN DEVELOPMENT,1995,0.463
Kenya,MEDIUM HUMAN DEVELOPMENT,1995,0.544
Djibouti,MEDIUM HUMAN DEVELOPMENT,1995,0.485
Timor-Leste,MEDIUM HUMAN DEVELOPMENT,1995,..
Zimbabwe,MEDIUM HUMAN DEVELOPMENT,1995,0.613
Togo,MEDIUM HUMAN DEVELOPMENT,1995,0.514
Yemen,MEDIUM HUMAN DEVELOPMENT,1995,0.439
Uganda,MEDIUM HUMAN DEVELOPMENT,1995,0.433
Gambia,MEDIUM HUMAN DEVELOPMENT,1995,0.436
Senegal,LOW HUMAN DEVELOPMENT,1995,0.449
Eritrea,LOW HUMAN DEVELOPMENT,1995,0.435
Nigeria,LOW HUMAN DEVELOPMENT,1995,0.432
Tanzania (United Republic of),LOW HUMAN DEVELOPMENT,1995,0.419
Guinea,LOW HUMAN DEVELOPMENT,1995,..
Rwanda,LOW HUMAN DEVELOPMENT,1995,0.330
Angola,LOW HUMAN DEVELOPMENT,1995,..
Benin,LOW HUMAN DEVELOPMENT,1995,0.403
Malawi,LOW HUMAN DEVELOPMENT,1995,0.444
Zambia,LOW HUMAN DEVELOPMENT,1995,0.439
Côte d'Ivoire,,1995,0.436
Burundi,,1995,0.347
Congo (Democratic Republic of the),,1995,0.391
Ethiopia,,1995,0.347
Chad,,1995,0.377
Central African Republic,,1995,0.390
Mozambique,,1995,0.335
Mali,,1995,0.321
Niger,,1995,0.296
Guinea-Bissau,,1995,0.350
Burkina Faso,,1995,0.337
Sierra Leone,,1995,..
Iceland,HIGH HUMAN DEVELOPMENT,2000,0.947
Norway,HIGH HUMAN DEVELOPMENT,2000,0.958
Australia,HIGH HUMAN DEVELOPMENT,2000,0.949
Canada,HIGH HUMAN DEVELOPMENT,2000,0.946
Ireland,HIGH HUMAN DEVELOPMENT,2000,0.931
Sweden,HIGH HUMAN DEVELOPMENT,2000,0.952
Switzerland,HIGH HUMAN DEVELOPMENT,2000,0.946
Japan,HIGH HUMAN DEVELOPMENT,2000,0.941
Netherlands,HIGH HUMAN DEVELOPMENT,2000,0.947
France,HIGH HUMAN DEVELOPMENT,2000,0.938
Finland,HIGH HUMAN DEVELOPMENT,2000,0.940
United States,HIGH HUMAN DEVELOPMENT,2000,0.942
Spain,HIGH HUMAN DEVELOPMENT,2000,0.932
Denmark,HIGH HUMAN DEVELOPMENT,2000,0.935
Austria,HIGH HUMAN DEVELOPMENT,2000,0.938
United Kingdom,HIGH HUMAN DEVELOPMENT,2000,0.931
Belgium,HIGH HUMAN DEVELOPMENT,2000,0.943
Luxembourg,HIGH HUMAN DEVELOPMENT,2000,0.929
New Zealand,HIGH HUMAN DEVELOPMENT,2000,0.927
Italy,HIGH HUMAN DEVELOPMENT,2000,0.926
"Hong Kong, China (SAR)",HIGH HUMAN DEVELOPMENT,2000,0.919
Germany,HIGH HUMAN DEVELOPMENT,2000,0.928
Israel,HIGH HUMAN DEVELOPMENT,2000,0.918
Greece,HIGH HUMAN DEVELOPMENT,2000,0.897
Singapore,HIGH HUMAN DEVELOPMENT,2000,..
Korea (Republic of),HIGH HUMAN DEVELOPMENT,2000,0.892
Slovenia,HIGH HUMAN DEVELOPMENT,2000,0.891
Cyprus,HIGH HUMAN DEVELOPMENT,2000,0.893
Portugal,HIGH HUMAN DEVELOPMENT,2000,0.904
Brunei Darussalam,HIGH HUMAN DEVELOPMENT,2000,..
Barbados,HIGH HUMAN DEVELOPMENT,2000,..
Czech Republic,HIGH HUMAN DEVELOPMENT,2000,0.866
Kuwait,HIGH HUMAN DEVELOPMENT,2000,0.855
Malta,HIGH HUMAN DEVELOPMENT,2000,0.877
Qatar,HIGH HUMAN DEVELOPMENT,2000,..
Hungary,HIGH HUMAN DEVELOPMENT,2000,0.845
Poland,HIGH HUMAN DEVELOPMENT,2000,0.852
Argentina,HIGH HUMAN DEVELOPMENT,2000,0.862
United Arab Emirates,HIGH HUMAN DEVELOPMENT,2000,0.837
Chile,HIGH HUMAN DEVELOPMENT,2000,0.845
Bahrain,HIGH HUMAN DEVELOPMENT,2000,0.846
Slovakia,HIGH HUMAN DEVELOPMENT,2000,..
Lithuania,HIGH HUMAN DEVELOPMENT,2000,0.831
Estonia,HIGH HUMAN DEVELOPMENT,2000,0.829
Latvia,HIGH HUMAN DEVELOPMENT,2000,0.817
Uruguay,HIGH HUMAN DEVELOPMENT,2000,0.842
Croatia,HIGH HUMAN DEVELOPMENT,2000,0.828
Costa Rica,HIGH HUMAN DEVELOPMENT,2000,0.830
Bahamas,HIGH HUMAN DEVELOPMENT,2000,0.825
Seychelles,HIGH HUMAN DEVELOPMENT,2000,..
Cuba,HIGH HUMAN DEVELOPMENT,2000,..
Mexico,HIGH HUMAN DEVELOPMENT,2000,0.814
Bulgaria,HIGH HUMAN DEVELOPMENT,2000,0.800
Saint Kitts and Nevis,HIGH HUMAN DEVELOPMENT,2000,..
Tonga,HIGH HUMAN DEVELOPMENT,2000,..
Libyan Arab Jamahiriya,HIGH HUMAN DEVELOPMENT,2000,..
Antigua and Barbuda,HIGH HUMAN DEVELOPMENT,2000,..
Oman,HIGH HUMAN DEVELOPMENT,2000,0.779
Trinidad and Tobago,HIGH HUMAN DEVELOPMENT,2000,0.796
Romania,HIGH HUMAN DEVELOPMENT,2000,0.780
Saudi Arabia,HIGH HUMAN DEVELOPMENT,2000,0.788
Panama,HIGH HUMAN DEVELOPMENT,2000,0.797
Malaysia,HIGH HUMAN DEVELOPMENT,2000,0.790
Belarus,HIGH HUMAN DEVELOPMENT,2000,0.778
Mauritius,HIGH HUMAN DEVELOPMENT,2000,0.781
Bosnia and Herzegovina,HIGH HUMAN DEVELOPMENT,2000,..
Russian Federation,HIGH HUMAN DEVELOPMENT,2000,0.782
Albania,HIGH HUMAN DEVELOPMENT,2000,0.746
Macedonia (TFYR),HIGH HUMAN DEVELOPMENT,2000,..
Brazil,HIGH HUMAN DEVELOPMENT,2000,0.789
Dominica,MEDIUM HUMAN DEVELOPMENT,2000,..
Saint Lucia,MEDIUM HUMAN DEVELOPMENT,2000,..
Kazakhstan,MEDIUM HUMAN DEVELOPMENT,2000,0.738
Venezuela (Bolivarian Republic of),MEDIUM HUMAN DEVELOPMENT,2000,0.776
Colombia,MEDIUM HUMAN DEVELOPMENT,2000,0.772
Ukraine,MEDIUM HUMAN DEVELOPMENT,2000,0.761
Samoa,MEDIUM HUMAN DEVELOPMENT,2000,0.765
Thailand,MEDIUM HUMAN DEVELOPMENT,2000,0.761
Dominican Republic,MEDIUM HUMAN DEVELOPMENT,2000,0.757
Belize,MEDIUM HUMAN DEVELOPMENT,2000,0.795
China,MEDIUM HUMAN DEVELOPMENT,2000,0.732
Grenada,MEDIUM HUMAN DEVELOPMENT,2000,..
Armenia,MEDIUM HUMAN DEVELOPMENT,2000,0.738
Turkey,MEDIUM HUMAN DEVELOPMENT,2000,0.753
Suriname,MEDIUM HUMAN DEVELOPMENT,2000,..
Jordan,MEDIUM HUMAN DEVELOPMENT,2000,0.751
Peru,MEDIUM HUMAN DEVELOPMENT,2000,0.763
Lebanon,MEDIUM HUMAN DEVELOPMENT,2000,0.748
Ecuador,MEDIUM HUMAN DEVELOPMENT,2000,..
Philippines,MEDIUM HUMAN DEVELOPMENT,2000,0.758
Tunisia,MEDIUM HUMAN DEVELOPMENT,2000,0.741
Fiji,MEDIUM HUMAN DEVELOPMENT,2000,0.747
Saint Vincent and the Grenadines,MEDIUM HUMAN DEVELOPMENT,2000,..
Iran (Islamic Republic of),MEDIUM HUMAN DEVELOPMENT,2000,0.722
Paraguay,MEDIUM HUMAN DEVELOPMENT,2000,0.749
Georgia,MEDIUM HUMAN DEVELOPMENT,2000,..
Guyana,MEDIUM HUMAN DEVELOPMENT,2000,0.722
Azerbaijan,MEDIUM HUMAN DEVELOPMENT,2000,..
Sri Lanka,MEDIUM HUMAN DEVELOPMENT,2000,0.731
Maldives,MEDIUM HUMAN DEVELOPMENT,2000,..
Jamaica,MEDIUM HUMAN DEVELOPMENT,2000,0.744
Cape Verde,MEDIUM HUMAN DEVELOPMENT,2000,0.709
El Salvador,MEDIUM HUMAN DEVELOPMENT,2000,0.716
Algeria,MEDIUM HUMAN DEVELOPMENT,2000,0.702
Viet Nam,MEDIUM HUMAN DEVELOPMENT,2000,0.711
Occupied Palestinian Territories,MEDIUM HUMAN DEVELOPMENT,2000,..
Indonesia,MEDIUM HUMAN DEVELOPMENT,2000,0.692
Syrian Arab Republic,MEDIUM HUMAN DEVELOPMENT,2000,0.690
Turkmenistan,MEDIUM HUMAN DEVELOPMENT,2000,..
Nicaragua,MEDIUM HUMAN DEVELOPMENT,2000,0.671
Moldova,MEDIUM HUMAN DEVELOPMENT,2000,0.683
Egypt,MEDIUM HUMAN DEVELOPMENT,2000,0.659
Uzbekistan,MEDIUM HUMAN DEVELOPMENT,2000,0.691
Mongolia,MEDIUM HUMAN DEVELOPMENT,2000,0.667
Honduras,MEDIUM HUMAN DEVELOPMENT,2000,0.668
Kyrgyzstan,MEDIUM HUMAN DEVELOPMENT,2000,..
Bolivia,MEDIUM HUMAN DEVELOPMENT,2000,0.677
Guatemala,MEDIUM HUMAN DEVELOPMENT,2000,0.667
Gabon,MEDIUM HUMAN DEVELOPMENT,2000,..
Vanuatu,MEDIUM HUMAN DEVELOPMENT,2000,..
South Africa,MEDIUM HUMAN DEVELOPMENT,2000,0.707
Tajikistan,MEDIUM HUMAN DEVELOPMENT,2000,0.640
Sao Tome and Principe,MEDIUM HUMAN DEVELOPMENT,2000,..
Botswana,MEDIUM HUMAN DEVELOPMENT,2000,0.631
Namibia,MEDIUM HUMAN DEVELOPMENT,2000,0.657
Morocco,MEDIUM HUMAN DEVELOPMENT,2000,0.613
Equatorial Guinea,MEDIUM HUMAN DEVELOPMENT,2000,0.606
India,MEDIUM HUMAN DEVELOPMENT,2000,0.578
Solomon Islands,MEDIUM HUMAN DEVELOPMENT,2000,..
Lao People's Democratic Republic,MEDIUM HUMAN DEVELOPMENT,2000,0.563
Cambodia,MEDIUM HUMAN DEVELOPMENT,2000,0.547
Myanmar,MEDIUM HUMAN DEVELOPMENT,2000,..
Bhutan,MEDIUM HUMAN DEVELOPMENT,2000,..
Comoros,MEDIUM HUMAN DEVELOPMENT,2000,0.540
Ghana,MEDIUM HUMAN DEVELOPMENT,2000,0.568
Pakistan,MEDIUM HUMAN DEVELOPMENT,2000,0.516
Mauritania,MEDIUM HUMAN DEVELOPMENT,2000,0.509
Lesotho,MEDIUM HUMAN DEVELOPMENT,2000,0.581
Congo,MEDIUM HUMAN DEVELOPMENT,2000,0.518
Bangladesh,MEDIUM HUMAN DEVELOPMENT,2000,0.511
Swaziland,MEDIUM HUMAN DEVELOPMENT,2000,0.592
Nepal,MEDIUM HUMAN DEVELOPMENT,2000,0.502
Madagascar,MEDIUM HUMAN DEVELOPMENT,2000,0.493
Cameroon,MEDIUM HUMAN DEVELOPMENT,2000,0.525
Papua New Guinea,MEDIUM HUMAN DEVELOPMENT,2000,0.544
Haiti,MEDIUM HUMAN DEVELOPMENT,2000,..
Sudan,MEDIUM HUMAN DEVELOPMENT,2000,0.491
Kenya,MEDIUM HUMAN DEVELOPMENT,2000,0.529
Djibouti,MEDIUM HUMAN DEVELOPMENT,2000,0.490
Timor-Leste,MEDIUM HUMAN DEVELOPMENT,2000,..
Zimbabwe,MEDIUM HUMAN DEVELOPMENT,2000,0.541
Togo,MEDIUM HUMAN DEVELOPMENT,2000,0.521
Yemen,MEDIUM HUMAN DEVELOPMENT,2000,0.473
Uganda,MEDIUM HUMAN DEVELOPMENT,2000,0.480
Gambia,MEDIUM HUMAN DEVELOPMENT,2000,0.472
Senegal,LOW HUMAN DEVELOPMENT,2000,0.473
Eritrea,LOW HUMAN DEVELOPMENT,2000,0.459
Nigeria,LOW HUMAN DEVELOPMENT,2000,0.445
Tanzania (United Republic of),LOW HUMAN DEVELOPMENT,2000,0.433
Guinea,LOW HUMAN DEVELOPMENT,2000,..
Rwanda,LOW HUMAN DEVELOPMENT,2000,0.418
Angola,LOW HUMAN DEVELOPMENT,2000,..
Benin,LOW HUMAN DEVELOPMENT,2000,0.424
Malawi,LOW HUMAN DEVELOPMENT,2000,0.431
Zambia,LOW HUMAN DEVELOPMENT,2000,0.420
Côte d'Ivoire,,2000,0.432
Burundi,,2000,0.368
Congo (Democratic Republic of the),,2000,0.375
Ethiopia,,2000,0.379
Chad,,2000,0.397
Central African Republic,,2000,0.394
Mozambique,,2000,0.375
Mali,,2000,0.352
Niger,,2000,0.321
Guinea-Bissau,,2000,0.365
Burkina Faso,,2000,0.353
Sierra Leone,,2000,..
Iceland,HIGH HUMAN DEVELOPMENT,2005,0.968
Norway,HIGH HUMAN DEVELOPMENT,2005,0.968
Australia,HIGH HUMAN DEVELOPMENT,2005,0.962
Canada,HIGH HUMAN DEVELOPMENT,2005,0.961
Ireland,HIGH HUMAN DEVELOPMENT,2005,0.959
Sweden,HIGH HUMAN DEVELOPMENT,2005,0.956
Switzerland,HIGH HUMAN DEVELOPMENT,2005,0.955
Japan,HIGH HUMAN DEVELOPMENT,2005,0.953
Netherlands,HIGH HUMAN DEVELOPMENT,2005,0.953
France,HIGH HUMAN DEVELOPMENT,2005,0.952
Finland,HIGH HUMAN DEVELOPMENT,2005,0.952
United States,HIGH HUMAN DEVELOPMENT,2005,0.951
Spain,HIGH HUMAN DEVELOPMENT,2005,0.949
Denmark,HIGH HUMAN DEVELOPMENT,2005,0.949
Austria,HIGH HUMAN DEVELOPMENT,2005,0.948
United Kingdom,HIGH HUMAN DEVELOPMENT,2005,0.946
Belgium,HIGH HUMAN DEVELOPMENT,2005,0.946
Luxembourg,HIGH HUMAN DEVELOPMENT,2005,0.944
New Zealand,HIGH HUMAN DEVELOPMENT,2005,0.943
Italy,HIGH HUMAN DEVELOPMENT,2005,0.941
"Hong Kong, China (SAR)",HIGH HUMAN DEVELOPMENT,2005,0.937
Germany,HIGH HUMAN DEVELOPMENT,2005,0.935
Israel,HIGH HUMAN DEVELOPMENT,2005,0.932
Greece,HIGH HUMAN DEVELOPMENT,2005,0.926
Singapore,HIGH HUMAN DEVELOPMENT,2005,0.922
Korea (Republic of),HIGH HUMAN DEVELOPMENT,2005,0.921
Slovenia,HIGH HUMAN DEVELOPMENT,2005,0.917
Cyprus,HIGH HUMAN DEVELOPMENT,2005,0.903
Portugal,HIGH HUMAN DEVELOPMENT,2005,0.897
Brunei Darussalam,HIGH HUMAN DEVELOPMENT,2005,0.894
Barbados,HIGH HUMAN DEVELOPMENT,2005,0.892
Czech Republic,HIGH HUMAN DEVELOPMENT,2005,0.891
Kuwait,HIGH HUMAN DEVELOPMENT,2005,0.891
Malta,HIGH HUMAN DEVELOPMENT,2005,0.878
Qatar,HIGH HUMAN DEVELOPMENT,2005,0.875
Hungary,HIGH HUMAN DEVELOPMENT,2005,0.874
Poland,HIGH HUMAN DEVELOPMENT,2005,0.870
Argentina,HIGH HUMAN DEVELOPMENT,2005,0.869
United Arab Emirates,HIGH HUMAN DEVELOPMENT,2005,0.868
Chile,HIGH HUMAN DEVELOPMENT,2005,0.867
Bahrain,HIGH HUMAN DEVELOPMENT,2005,0.866
Slovakia,HIGH HUMAN DEVELOPMENT,2005,0.863
Lithuania,HIGH HUMAN DEVELOPMENT,2005,0.862
Estonia,HIGH HUMAN DEVELOPMENT,2005,0.860
Latvia,HIGH HUMAN DEVELOPMENT,2005,0.855
Uruguay,HIGH HUMAN DEVELOPMENT,2005,0.852
Croatia,HIGH HUMAN DEVELOPMENT,2005,0.850
Costa Rica,HIGH HUMAN DEVELOPMENT,2005,0.846
Bahamas,HIGH HUMAN DEVELOPMENT,2005,0.845
Seychelles,HIGH HUMAN DEVELOPMENT,2005,0.843
Cuba,HIGH HUMAN DEVELOPMENT,2005,0.838
Mexico,HIGH HUMAN DEVELOPMENT,2005,0.829
Bulgaria,HIGH HUMAN DEVELOPMENT,2005,0.824
Saint Kitts and Nevis,HIGH HUMAN DEVELOPMENT,2005,0.821
Tonga,HIGH HUMAN DEVELOPMENT,2005,0.819
Libyan Arab Jamahiriya,HIGH HUMAN DEVELOPMENT,2005,0.818
Antigua and Barbuda,HIGH HUMAN DEVELOPMENT,2005,0.815
Oman,HIGH HUMAN DEVELOPMENT,2005,0.814
Trinidad and Tobago,HIGH HUMAN DEVELOPMENT,2005,0.814
Romania,HIGH HUMAN DEVELOPMENT,2005,0.813
Saudi Arabia,HIGH HUMAN DEVELOPMENT,2005,0.812
Panama,HIGH HUMAN DEVELOPMENT,2005,0.812
Malaysia,HIGH HUMAN DEVELOPMENT,2005,0.811
Belarus,HIGH HUMAN DEVELOPMENT,2005,0.804
Mauritius,HIGH HUMAN DEVELOPMENT,2005,0.804
Bosnia and Herzegovina,HIGH HUMAN DEVELOPMENT,2005,0.803
Russian Federation,HIGH HUMAN DEVELOPMENT,2005,0.802
Albania,HIGH HUMAN DEVELOPMENT,2005,0.801
Macedonia (TFYR),HIGH HUMAN DEVELOPMENT,2005,0.801
Brazil,HIGH HUMAN DEVELOPMENT,2005,0.800
Dominica,MEDIUM HUMAN DEVELOPMENT,2005,0.798
Saint Lucia,MEDIUM HUMAN DEVELOPMENT,2005,0.795
Kazakhstan,MEDIUM HUMAN DEVELOPMENT,2005,0.794
Venezuela (Bolivarian Republic of),MEDIUM HUMAN DEVELOPMENT,2005,0.792
Colombia,MEDIUM HUMAN DEVELOPMENT,2005,0.791
Ukraine,MEDIUM HUMAN DEVELOPMENT,2005,0.788
Samoa,MEDIUM HUMAN DEVELOPMENT,2005,0.785
Thailand,MEDIUM HUMAN DEVELOPMENT,2005,0.781
Dominican Republic,MEDIUM HUMAN DEVELOPMENT,2005,0.779
Belize,MEDIUM HUMAN DEVELOPMENT,2005,0.778
China,MEDIUM HUMAN DEVELOPMENT,2005,0.777
Grenada,MEDIUM HUMAN DEVELOPMENT,2005,0.777
Armenia,MEDIUM HUMAN DEVELOPMENT,2005,0.775
Turkey,MEDIUM HUMAN DEVELOPMENT,2005,0.775
Suriname,MEDIUM HUMAN DEVELOPMENT,2005,0.774
Jordan,MEDIUM HUMAN DEVELOPMENT,2005,0.773
Peru,MEDIUM HUMAN DEVELOPMENT,2005,0.773
Lebanon,MEDIUM HUMAN DEVELOPMENT,2005,0.772
Ecuador,MEDIUM HUMAN DEVELOPMENT,2005,0.772
Philippines,MEDIUM HUMAN DEVELOPMENT,2005,0.771
Tunisia,MEDIUM HUMAN DEVELOPMENT,2005,0.766
Fiji,MEDIUM HUMAN DEVELOPMENT,2005,0.762
Saint Vincent and the Grenadines,MEDIUM HUMAN DEVELOPMENT,2005,0.761
Iran (Islamic Republic of),MEDIUM HUMAN DEVELOPMENT,2005,0.759
Paraguay,MEDIUM HUMAN DEVELOPMENT,2005,0.755
Georgia,MEDIUM HUMAN DEVELOPMENT,2005,0.754
Guyana,MEDIUM HUMAN DEVELOPMENT,2005,0.750
Azerbaijan,MEDIUM HUMAN DEVELOPMENT,2005,0.746
Sri Lanka,MEDIUM HUMAN DEVELOPMENT,2005,0.743
Maldives,MEDIUM HUMAN DEVELOPMENT,2005,0.741
Jamaica,MEDIUM HUMAN DEVELOPMENT,2005,0.736
Cape Verde,MEDIUM HUMAN DEVELOPMENT,2005,0.736
El Salvador,MEDIUM HUMAN DEVELOPMENT,2005,0.735
Algeria,MEDIUM HUMAN DEVELOPMENT,2005,0.733
Viet Nam,MEDIUM HUMAN DEVELOPMENT,2005,0.733
Occupied Palestinian Territories,MEDIUM HUMAN DEVELOPMENT,2005,0.731
Indonesia,MEDIUM HUMAN DEVELOPMENT,2005,0.728
Syrian Arab Republic,MEDIUM HUMAN DEVELOPMENT,2005,0.724
Turkmenistan,MEDIUM HUMAN DEVELOPMENT,2005,0.713
Nicaragua,MEDIUM HUMAN DEVELOPMENT,2005,0.710
Moldova,MEDIUM HUMAN DEVELOPMENT,2005,0.708
Egypt,MEDIUM HUMAN DEVELOPMENT,2005,0.708
Uzbekistan,MEDIUM HUMAN DEVELOPMENT,2005,0.702
Mongolia,MEDIUM HUMAN DEVELOPMENT,2005,0.700
Honduras,MEDIUM HUMAN DEVELOPMENT,2005,0.700
Kyrgyzstan,MEDIUM HUMAN DEVELOPMENT,2005,0.696
Bolivia,MEDIUM HUMAN DEVELOPMENT,2005,0.695
Guatemala,MEDIUM HUMAN DEVELOPMENT,2005,0.689
Gabon,MEDIUM HUMAN DEVELOPMENT,2005,0.677
Vanuatu,MEDIUM HUMAN DEVELOPMENT,2005,0.674
South Africa,MEDIUM HUMAN DEVELOPMENT,2005,0.674
Tajikistan,MEDIUM HUMAN DEVELOPMENT,2005,0.673
Sao Tome and Principe,MEDIUM HUMAN DEVELOPMENT,2005,0.654
Botswana,MEDIUM HUMAN DEVELOPMENT,2005,0.654
Namibia,MEDIUM HUMAN DEVELOPMENT,2005,0.650
Morocco,MEDIUM HUMAN DEVELOPMENT,2005,0.646
Equatorial Guinea,MEDIUM HUMAN DEVELOPMENT,2005,0.642
India,MEDIUM HUMAN DEVELOPMENT,2005,0.619
Solomon Islands,MEDIUM HUMAN DEVELOPMENT,2005,0.602
Lao People's Democratic Republic,MEDIUM HUMAN DEVELOPMENT,2005,0.601
Cambodia,MEDIUM HUMAN DEVELOPMENT,2005,0.598
Myanmar,MEDIUM HUMAN DEVELOPMENT,2005,0.583
Bhutan,MEDIUM HUMAN DEVELOPMENT,2005,0.579
Comoros,MEDIUM HUMAN DEVELOPMENT,2005,0.561
Ghana,MEDIUM HUMAN DEVELOPMENT,2005,0.553
Pakistan,MEDIUM HUMAN DEVELOPMENT,2005,0.551
Mauritania,MEDIUM HUMAN DEVELOPMENT,2005,0.550
Lesotho,MEDIUM HUMAN DEVELOPMENT,2005,0.549
Congo,MEDIUM HUMAN DEVELOPMENT,2005,0.548
Bangladesh,MEDIUM HUMAN DEVELOPMENT,2005,0.547
Swaziland,MEDIUM HUMAN DEVELOPMENT,2005,0.547
Nepal,MEDIUM HUMAN DEVELOPMENT,2005,0.534
Madagascar,MEDIUM HUMAN DEVELOPMENT,2005,0.533
Cameroon,MEDIUM HUMAN DEVELOPMENT,2005,0.532
Papua New Guinea,MEDIUM HUMAN DEVELOPMENT,2005,0.530
Haiti,MEDIUM HUMAN DEVELOPMENT,2005,0.529
Sudan,MEDIUM HUMAN DEVELOPMENT,2005,0.526
Kenya,MEDIUM HUMAN DEVELOPMENT,2005,0.521
Djibouti,MEDIUM HUMAN DEVELOPMENT,2005,0.516
Timor-Leste,MEDIUM HUMAN DEVELOPMENT,2005,0.514
Zimbabwe,MEDIUM HUMAN DEVELOPMENT,2005,0.513
Togo,MEDIUM HUMAN DEVELOPMENT,2005,0.512
Yemen,MEDIUM HUMAN DEVELOPMENT,2005,0.508
Uganda,MEDIUM HUMAN DEVELOPMENT,2005,0.505
Gambia,MEDIUM HUMAN DEVELOPMENT,2005,0.502
Senegal,LOW HUMAN DEVELOPMENT,2005,0.499
Eritrea,LOW HUMAN DEVELOPMENT,2005,0.483
Nigeria,LOW HUMAN DEVELOPMENT,2005,0.470
Tanzania (United Republic of),LOW HUMAN DEVELOPMENT,2005,0.467
Guinea,LOW HUMAN DEVELOPMENT,2005,0.456
Rwanda,LOW HUMAN DEVELOPMENT,2005,0.452
Angola,LOW HUMAN DEVELOPMENT,2005,0.446
Benin,LOW HUMAN DEVELOPMENT,2005,0.437
Malawi,LOW HUMAN DEVELOPMENT,2005,0.437
Zambia,LOW HUMAN DEVELOPMENT,2005,0.434
Côte d'Ivoire,,2005,0.432
Burundi,,2005,0.413
Congo (Democratic Republic of the),,2005,0.411
Ethiopia,,2005,0.406
Chad,,2005,0.388
Central African Republic,,2005,0.384
Mozambique,,2005,0.384
Mali,,2005,0.380
Niger,,2005,0.374
Guinea-Bissau,,2005,0.374
Burkina Faso,,2005,0.370
Sierra Leone,,2005,0.336
